id,name,created_at,advertisers_entities.id,entities.short_name,countries.name,countries.alpha2,advertisers_platforms.advertiser_platform_ref,advertisers_platforms.advertiser_platform_name,platforms.name
6106ebf7-47f5-47d3-af6b-12f5665f10b1,SDP Bar,2023-04-22T06:04:52.646Z,99ec00e4-603c-4798-a82e-367df3bc8a47,SDP,Montenegro,me,935880676473201,SDP Bar,Facebook
1a86e7df-3fa5-4902-85fa-d7426452d8d5,Vladislav Dajković,2023-02-21T11:57:59.328Z,9d423170-60be-42ef-852f-80ebeef37116,DF,Montenegro,me,116109739824845,Vladislav Dajković,Facebook
d82d0e90-8f4e-4f38-bbc6-ce684df0ec6a,Draginja Vuksanović,2023-02-19T10:54:41.180Z,6d560eb2-f9e6-495e-b4ae-980876f804cd,SDP,Montenegro,me,1262559373876915,Draginja Vuksanović,Facebook
96fff7de-1b5e-4057-af13-2448ccbf9c52,SNP BUDVA,2023-02-21T12:17:28.568Z,be406424-7ce1-4df1-bbca-3a4c9777bda9,SNP,Montenegro,me,102237614895736,SNP BUDVA,Facebook
a11e4788-5f6c-463e-abfe-f2723d0b7bf3,SDP Danilovgrad,2023-02-21T12:15:51.823Z,0353eeb4-128d-406d-8bb5-b4d06e51b755,SD,Montenegro,me,755768111288839,SDP Danilovgrad,Facebook
93c545f8-aad4-4146-b876-03dda2b8b23c,SDP i Građani - Svim srcem za Cetinje,2023-02-21T11:59:42.815Z,b5f568b7-f40e-48f9-a9b8-6515d21bae3e,SD,Montenegro,me,69215616760,SDP i Građani - Svim srcem za Cetinje,Facebook
fb10572a-57a2-4729-a3e3-19d2c3ce2167,Barska URA,2023-02-21T12:14:13.998Z,75a0b610-a230-48f4-98e5-af035f0e949f,URA,Montenegro,me,2329947937230975,Barska URA,Facebook
cd8423e4-cad5-494a-a3b8-63742ee5f602,Kotorska URA,2023-02-21T12:02:49.616Z,4458c2e0-ab35-4fed-8115-4def3e4b0b11,URA,Montenegro,me,266171014243053,Kotorska URA,Facebook
942c8ed1-023a-4c61-8169-31d2ea784c6e,Mojkovačka URA,2023-02-21T12:04:35.481Z,d7d4d7dd-30e1-40d4-9086-cf7adc12092a,URA,Montenegro,me,789216247822580,Mojkovačka URA,Facebook
261ed77d-e090-4910-97ad-3b5b48f345be,UN International Residual Mechanism for Criminal Tribunals,2023-02-21T11:57:59.361Z,ce149ab9-ad55-4bca-9ab7-421ae6aaa921,Drugo,Montenegro,me,1481267128811354,UN International Residual Mechanism for Criminal Tribunals,Facebook
715ca5d2-7dc9-47a3-93e0-e01849311bc4,Ujedinjena Crna Gora - Zvanična stranica,2023-02-14T10:54:20.776Z,3d1edf15-bf8e-4017-934e-0cddba74c1b3,UCG,Montenegro,me,1437529949875716,Ujedinjena Crna Gora - Zvanična stranica,Facebook
7908672c-e4a7-4574-97b1-064f6bea5d2f,CIVIS - dr Srđan Pavićević,2023-02-21T11:57:59.848Z,ff01584b-3bec-44e6-8152-d54c5eff3405,Drugo,Montenegro,me,107375718234001,CIVIS - dr Srđan Pavićević,Facebook
bf31ce64-fb4f-43b5-ae92-0594f0418f40,Ministarstvo vanjskih poslova Crne Gore,2023-02-21T12:01:19.382Z,43c941ad-0b97-4ba8-9367-f31f0a3e59f0,Vlada Crne Gore,Montenegro,me,109979021363402,Ministarstvo vanjskih poslova Crne Gore,Facebook
a1226cf0-946f-44cd-a55e-7dd83354a4d1,Biram Crnu Goru,2023-02-21T11:57:59.328Z,8223f497-0054-4e5a-9d35-d0af1c59ad56,Drugo,Montenegro,me,1755968718038569,Biram Crnu Goru,Facebook
a28cc09c-c86e-45e1-b2f1-08b8d9b1d3a1,Demokrate Budva,2023-02-21T11:58:16.789Z,aa10209b-2eb9-432e-8d84-a7fbb60b03f7,DCG,Montenegro,me,583234592364806,Demokrate Budva,Facebook
6418c101-12d7-4933-a0a2-bb6bb9bc08e8,Pokret Evropa sad - Pljevlja,2023-02-21T12:19:42.117Z,13256823-017c-44a9-9365-31dab3c67512,ES!,Montenegro,me,102113279114975,Pokret Evropa sad - Pljevlja,Facebook
4810c940-a7bc-459d-b3e5-28de6f368e2d,Socijaldemokrate Bar,2023-02-21T12:17:39.620Z,ae6711c6-9933-4fa6-908b-b0b0830b8d09,SD,Montenegro,me,663408943732490,Socijaldemokrate Bar,Facebook
dd84c5d7-1e2d-46f7-abf7-6a05acb85945,Fond za progresivne politike,2023-02-21T12:19:50.658Z,d591556f-4df9-42a0-b934-496abe19681c,Drugo,Montenegro,me,108844151280018,Fond za progresivne politike,Facebook
9ebc8efe-ff72-498f-a43c-72d012f76de3,Demokrate Rožaje,2023-02-21T12:13:14.814Z,43e28a99-b40f-41c6-ad0b-538e14fd5635,DCG,Montenegro,me,105900408686953,Demokrate Rožaje,Facebook
faf64472-cc2b-4086-aca2-278c0e620db4,Демохришћански покрет / Demohrišćanski pokret,2023-02-11T10:54:02.584Z,e4b2f467-d0b0-4501-93b2-7cb0780107de,ES!,Montenegro,me,107337555466521,Демохришћански покрет / Demohrišćanski pokret,Facebook
fd3f3d46-d33e-4df8-bc90-584331148b5e,Atlantic Council of Montenegro,2023-02-21T12:17:50.982Z,741d6e60-2ff9-4077-b8fb-1f9d3ba838ac,Drugo,Montenegro,me,288365921199771,Atlantic Council of Montenegro,Facebook
9a34fdf6-e799-4958-8bb8-61058a2c0e26,Jelena Borovinić Bojović,2023-02-21T12:19:10.691Z,9c6bfba3-5642-4a67-bd49-dad1ba781d93,DF,Montenegro,me,102997482599648,Jelena Borovinić Bojović,Facebook
87f61ed6-9ded-4adc-9443-3b73fa794fb5,Jelena Borovinić Bojović - zvanična stranica,2023-02-21T12:19:08.757Z,60aca009-3b71-4f74-8b55-a13572b9f0f5,DF,Montenegro,me,100811162813844,Jelena Borovinić Bojović - zvanična stranica,Facebook
19b0a633-433f-4153-9a3e-f79b7cb67d5c,Opštinski odbor DPS Pljevlja,2023-02-21T12:19:50.642Z,c7486f42-797d-473e-a6d6-8c090673eafe,DPS,Montenegro,me,1227058933972426,Opštinski odbor DPS Pljevlja,Facebook
0b05f294-9271-47ca-afc6-5662e68443a0,Opštinski Odbor DPS Bijelo Polje,2023-02-21T12:19:41.094Z,8097ba5e-f741-4d47-96e3-115b1c710e55,DPS,Montenegro,me,1678259052492373,Opštinski Odbor DPS Bijelo Polje,Facebook
6f22e914-e584-4a8d-89ff-c201e9c151cf,Hrvatska građanska inicijativa,2023-02-21T12:19:30.810Z,89c9a2cb-4609-4923-8b6e-7e5af73f4068,HGI,Montenegro,me,1676159402708570,Hrvatska građanska inicijativa,Facebook
d99768ce-9c50-4a85-914b-670c4c75f90b,Nebojsa Vuksanovic,2023-02-21T12:17:39.592Z,bb09d58f-6e51-4777-a151-117ab37f1901,SNP,Montenegro,me,100472272849106,Nebojsa Vuksanovic,Facebook
1cf2dbac-30c7-434c-a70e-d2db3d91ba90,Svi za naš grad,2023-02-21T12:16:02.476Z,cb5b8911-9b7e-41eb-aac4-4f6dd3586380,DPS,Montenegro,me,109593065224518,Svi za naš grad,Facebook
649ec60d-f2fa-4cf6-ac52-c062e04234fb,Tivatska Akcija - Pokret slobodnih građana Tivta,2023-02-21T12:19:08.712Z,145d1a90-62f4-4d31-8be7-fc85411c2c88,Drugo,Montenegro,me,187219078305941,Tivatska Akcija - Pokret slobodnih građana Tivta,Facebook
52198a79-f167-4612-a9b3-05adbb93b092,Bokeški Forum,2023-02-21T11:58:15.820Z,61ae5dba-9640-4a66-870f-ed716b8115af,Drugo,Montenegro,me,350560668610750,Bokeški Forum,Facebook
10043e9b-8af5-481b-89a5-16e68e0cae05,Center for Research and Policy Making,2023-02-21T11:58:35.636Z,be94ff3a-993b-4d7b-bb3c-daf16bd465ec,Drugo,Montenegro,me,114500931912823,Center for Research and Policy Making,Facebook
f0968926-3bfb-42f0-9900-26f96eb44fad,Андрија Мандић - Andrija Mandić,2023-02-21T10:54:21.700Z,a089a70f-1406-4741-8c43-38dc3d40a118,DF,Montenegro,me,100919256271184,Андрија Мандић - Andrija Mandić,Facebook
7ce4377b-36b2-46f2-ad78-d58394ed345c,Pokret Evropa sad - Bar,2023-02-11T10:54:02.591Z,c5ce86d5-7d2f-444f-b475-2f302eec7228,ES!,Montenegro,me,101379159189387,Pokret Evropa sad - Bar,Facebook
8bb9ef20-eba5-4ba8-ad60-b7a028a7a47d,Prava stvar,2023-02-21T12:18:08.777Z,bd1f1835-bf1d-4f86-b15e-d7aceafad1b0,DPS,Montenegro,me,104046955802394,Prava stvar,Facebook
25d68fd6-e2e4-4092-b3cd-bf8badfed66c,Liberalna partija Crne Gore - LPCG,2023-02-21T12:13:04.932Z,5839ca67-0844-40bc-b57b-3d5927489c9f,LP,Montenegro,me,195320253848601,Liberalna partija Crne Gore - LPCG,Facebook
218574ab-9cbc-4eea-a304-af65c80d67fd,Goran Božović - časno i odgovorno za bolji Tivat,2023-02-21T12:02:59.166Z,aabcfe0f-2d6d-4a22-bd7e-ddd028008618,Drugo,Montenegro,me,101738024794368,Goran Božović - časno i odgovorno za bolji Tivat,Facebook
af307f9a-41dc-466c-8761-fec852d5e616,Горан Даниловић,2023-02-21T12:37:06.142Z,f6d739bc-cef5-4df8-8543-d205465acb81,UCG,Montenegro,me,108390418798700,Горан Даниловић,Facebook
c8d2ef23-6fa9-447a-b71c-16a4810be138,Ne damo Nikšić - Не дамо Никшић,2023-02-21T12:21:07.304Z,4944f8b2-9ee8-40cd-a371-c64e766aff11,DF,Montenegro,me,102411038449563,Ne damo Nikšić - Не дамо Никшић,Facebook
35373b31-e31b-4c65-aea1-4779fc7432e7,Pokret Zajedno GRADimo Kolašin,2023-02-21T12:19:11.454Z,3f8d4bc3-4274-4aae-90cf-fe4850d795e8,DPS,Montenegro,me,100347729528097,Pokret Zajedno GRADimo Kolašin,Facebook
85915afa-1df7-44a1-ab44-e0fcfce5d7da,Milo Božović,2023-02-21T12:16:31.449Z,f7bb6fad-a855-40d6-afa0-3e218330cd79,DF,Montenegro,me,115288344477654,Milo Božović,Facebook
f8032cf1-b800-4d2b-84bd-735a960e2e91,,2023-02-07T15:05:54.233Z,8754dea1-bcc5-4156-a3cc-77c27c0efcb4,SDP,Montenegro,me,314334862048841,,Facebook
d7055ffc-651d-4aaa-837d-cca0fc622834,Nikola Đurašković,2023-03-01T10:54:23.603Z,53f08efb-7760-42f4-b9c2-c7cc3af639d3,SDP,Montenegro,me,100312752986062,Nikola Đurašković,Facebook
ef3696ac-aa17-4c3a-8909-12681dac05dd,SDP Podgorica,2023-01-30T16:27:25.826Z,1db859cd-fcfd-4055-a28e-5a55cf4025da,SDP,Montenegro,me,697454007051869,SDP Podgorica,Facebook
ccf01c16-5192-4581-af3d-5b3ecdef3019,Forum mladih SDP Crne Gore,2023-01-30T16:27:25.767Z,b8b2fc47-9758-4049-8fc0-3d7f6fc055e8,SDP,Montenegro,me,591019981036783,Forum mladih SDP Crne Gore,Facebook
ec9b6798-fc13-4dae-9bab-6856f0d993cd,Milojko Spajić,2023-01-30T16:27:25.543Z,352e5ed3-d230-4259-bd88-275a186386ea,ES!,Montenegro,me,108894298039380,Milojko Spajić,Facebook
82163cd6-ae00-4df2-adfc-b1724fe4e187,Socijaldemokratska partija Crne Gore - SDP,2023-01-30T16:27:25.543Z,caabcf0f-a2cb-4e2b-af17-410249cbe3d5,SDP,Montenegro,me,58776108439,Socijaldemokratska partija Crne Gore - SDP,Facebook
7cd3b5a3-115a-427d-8fd1-c1832e57ec87,Pokret Evropa sad,2023-01-30T16:27:25.599Z,43df5399-5566-486d-92ce-3e188beccdab,ES!,Montenegro,me,102730115711909,Pokret Evropa sad,Facebook
1afebe15-bed9-4f77-8827-33045078902c,Demokratski front,2023-01-30T16:27:25.542Z,7fa7001f-7dfd-426f-97e0-993783c14001,DF,Montenegro,me,946505742089103,Demokratski front,Facebook
2bfd7f05-07f1-4eb6-b318-ba59d3582e21,Pokret za Promjene,2023-01-30T16:27:25.669Z,608aadbf-c00d-42fb-b4f2-e4333ba0fcb4,DF,Montenegro,me,75782787032,Pokret za Promjene,Facebook
cdfa57c7-4e85-4d6b-aa52-daf28ba10960,DEMOS - Miodrag Lekić,2023-01-30T16:27:25.602Z,da141693-05bb-4d2f-bced-ea3f5c6aad1a,Demos,Montenegro,me,1594195590882320,DEMOS - Miodrag Lekić,Facebook
5144a547-6cd5-48a7-80f0-ccc70457430a,Građanski pokret URA,2023-01-30T16:27:25.503Z,9db5b146-900f-4d5b-bc46-e5772342c8bd,URA,Montenegro,me,313006358903165,Građanski pokret URA,Facebook
1b766c9f-dd3f-4202-9093-8b79f4efab56,Aleksa Becic - Demokrate - Demokratska Crna Gora,2023-01-30T16:27:25.503Z,f3675d6f-6fe2-4a8a-a37f-b391955b782c,DCG,Montenegro,me,1420588184916754,Aleksa Becic - Demokrate - Demokratska Crna Gora,Facebook
fad04d50-2fb3-4bd7-97f2-e0f3c98c0cb7,Nik Gjeloshaj,2023-01-30T16:27:25.670Z,39906c57-cef4-49e6-bfdb-7399761a3418,Drugo,Montenegro,me,638633769597292,Nik Gjeloshaj,Facebook
ff41482b-f389-4c13-a1af-3d8b89d577ed,Vladimir Martinović,2023-01-30T16:27:25.686Z,1a968afb-1059-4357-aa19-e57412f1fafd,DCG,Montenegro,me,106620772324031,Vladimir Martinović,Facebook
47e4030e-6fd7-4e4a-86c5-8cf105bc7418,Milo Đukanović,2023-03-07T10:54:23.918Z,8b44b7a7-3dd1-4b2c-9766-0eecd081d985,DPS,Montenegro,me,107633972588243,Milo Đukanović,Facebook
57ac62a7-ae40-420f-b53a-1c8263f26578,Marko Milačić - Prava Crna Gora,2023-01-30T16:27:25.680Z,63296a97-64b8-4d03-811b-16a84276ef23,Prava Crna Gora ,Montenegro,me,101788005008282,Marko Milačić - Prava Crna Gora,Facebook
f3139da0-9ba3-44d6-8a98-48c2150e2cba,Ismar Ćorović,2023-01-30T16:27:25.722Z,005d8c39-cf5d-424e-97b1-94bd1564dea9,SD,Montenegro,me,103391235323163,Ismar Ćorović,Facebook
1e5589e6-5007-4c7b-bf67-808e7515f035,Dritan Abazović,2023-01-30T16:27:25.540Z,5e7c7a3b-4a38-41e5-8db0-441c0343e4bf,URA,Montenegro,me,1496330687264500,Dritan Abazović,Facebook
5de55618-0cfe-4980-9098-6e58289e06f6,Damir Šehović,2023-01-30T16:27:25.699Z,aea108cb-9624-482a-86ea-1d67927fde63,SD,Montenegro,me,291831471242238,Damir Šehović,Facebook
883942f4-048b-48a1-84f1-69c01172fa81,Aleksa Becic,2023-01-30T16:27:25.601Z,ef08e4e7-bc85-4d52-9822-e09686c9f128,DCG,Montenegro,me,103582794819949,Aleksa Becic,Facebook
7a0fb153-7990-49d8-bfc3-6077a6f5b1d6,Socijaldemokrate Crne Gore,2023-01-30T16:27:25.547Z,31c23a57-6aec-4ff9-b444-9ffbb748f99b,SD,Montenegro,me,819639921464707,Socijaldemokrate Crne Gore,Facebook
1bdb2fb7-d64e-49db-aea4-7426afad2dbf,Raško Konjević,2023-01-30T16:27:25.601Z,958ec017-d983-4066-8d79-0478d15e1ece,SDP,Montenegro,me,103575562072435,Raško Konjević,Facebook
76a59799-237b-4719-aa90-cebc26cd54bc,Нова српска демократија,2023-01-30T16:27:25.691Z,95cf0e7b-f52b-4326-b21e-3d133b62e91c,DF,Montenegro,me,970400053026143,Нова српска демократија,Facebook
98ebfecd-f9a1-40a9-958f-6ddbff414e4d,Demokrate Kolašin,2023-01-30T16:27:25.680Z,b157499d-db6f-4bbd-923d-9773e8d9c0d6,DCG,Montenegro,me,106087401950571,Demokrate Kolašin,Facebook
ff80ebc7-d111-4588-b2b3-4240b88e10ee,Luka Rakčević,2023-01-30T16:27:25.760Z,8064a712-a51c-4d77-b704-b4865b3bc5f3,URA,Montenegro,me,293901977685160,Luka Rakčević,Facebook
90b2c729-edb9-4517-907a-46c04d085de7,Slobodna Crna Gora,2023-01-30T16:27:25.720Z,c04c483c-c080-4e49-aedd-f92270cd06ce,Drugo,Montenegro,me,103585292124869,Slobodna Crna Gora,Facebook
7dd04422-d710-4fc4-8608-2979882efc40,Nikšićka URA,2023-01-30T16:27:25.761Z,f96a5817-1c39-4062-be92-3203b45d1bca,URA,Montenegro,me,984815368224159,Nikšićka URA,Facebook
dcc05d92-81c5-44bb-a014-8b056483cfad,Omer Bajraktari,2023-01-30T16:27:25.722Z,801e6de8-ae59-4c93-9357-ea8040a7326e,URA,Montenegro,me,100445002726288,Omer Bajraktari,Facebook
bcb02038-ee53-4c09-a95f-912feb94b28e,Crnogorski San,2023-01-30T16:27:25.721Z,a43079e4-1042-4ad1-b0db-8870cd1a42e4,Drugo,Montenegro,me,106788982248488,Crnogorski San,Facebook
b0e70275-252e-4761-b0bd-2c45ac8c90c3,Opština Kolašin,2023-01-30T16:27:25.761Z,dfe91cf1-f050-4618-8297-c924dae90f49,Drugo,Montenegro,me,105694428856521,Opština Kolašin,Facebook
8e9d9e73-aa92-4c15-9d53-7308f803f517,Demokrate Nikšić,2023-01-30T16:27:25.809Z,dcdfb7b8-92dc-452f-9e93-dd8f8a84dbd0,DCG,Montenegro,me,104928285298833,Demokrate Nikšić,Facebook
3b7a321f-f00c-43a7-8b43-58bdf2894d8a,Jakov Milatović,2023-01-30T16:27:25.761Z,925e6e21-bc82-4787-9db0-5c95142f211b,ES!,Montenegro,me,100672909484442,Jakov Milatović,Facebook
815ab3a0-5f9d-4d4a-8a01-fe2d8546d56b,Demokrate Bar,2023-01-30T16:27:25.762Z,d976132d-d3dc-45e6-a357-dea8c3e02f2a,DCG,Montenegro,me,101148152401084,Demokrate Bar,Facebook
8e5b1eb4-7183-42d4-a616-f11e424ebfec,Demokrate Pljevlja,2023-01-30T16:27:25.792Z,457890d8-7df2-4e25-855f-691e7b77a536,DCG,Montenegro,me,107587221747315,Demokrate Pljevlja,Facebook
9029335a-ae87-46b9-b39b-3d1b59ecca0d,Југословенска комунистичка партија Црне Горе - Official,2023-01-30T16:27:25.808Z,7c9ad525-b0c6-48eb-b614-73cfc2ed7f71,Drugo,Montenegro,me,115568700569488,Југословенска комунистичка партија Црне Горе - Official,Facebook
9a408c74-23bf-4bcf-b801-45381609151d,Demokrate Bijelo Polje,2023-01-30T16:27:25.811Z,6216bcb3-49f6-4260-9403-92687bc850ca,DCG,Montenegro,me,104790375381412,Demokrate Bijelo Polje,Facebook
6f575d91-3981-4a89-b750-a76445e7c5df,Stevan Katić - Demokrate Herceg Novi,2023-01-30T16:27:25.864Z,8f354174-cade-49d3-bf81-3b65f59d9e00,DCG,Montenegro,me,103588975196889,Stevan Katić - Demokrate Herceg Novi,Facebook
2b180e53-1ae0-4562-88db-d66e58142315,Demokrate Podgorica,2023-01-30T16:27:26.162Z,2c46b398-ec64-4380-a3d3-36c59c25a06d,DCG,Montenegro,me,103415972209301,Demokrate Podgorica,Facebook
e81d5719-c66c-4e7a-81a1-952f038cbad3,Ammar Borančić,2023-01-30T16:27:25.845Z,d6f796d4-fe6c-498c-a299-a30e9274d901,Drugo,Montenegro,me,100579424975484,Ammar Borančić,Facebook
2dcaec6c-ec24-4a04-9a01-0b8853d406cf,Demokrate Danilovgrad,2023-01-30T16:27:25.961Z,e63d6785-8d0a-4222-a307-507fd943049a,DCG,Montenegro,me,100382152532202,Demokrate Danilovgrad,Facebook
c22adf0f-6cf5-4c19-bff0-b0338e0ed424,Podgorički Liberali,2023-01-30T16:27:25.864Z,981d7955-ae51-481d-81ad-b62e4cb485d6,Drugo,Montenegro,me,1761034724115427,Podgorički Liberali,Facebook
0692addb-2cb9-4d16-80bf-139ed34e53a0,Krsto Radović,2023-01-30T16:27:25.811Z,83d13422-3a74-4e54-86b2-8ab0db49a006,Drugo,Montenegro,me,101344451991492,Krsto Radović,Facebook
1aade676-ae48-4c27-b673-11a1ddc2354a,Predsjednik Opštine Šavnik Jugoslav Jakić,2023-01-30T16:27:25.965Z,f41d6d79-a40b-4f24-b3f4-0a8c92e1dd0b,DPS,Montenegro,me,106960981722767,Predsjednik Opštine Šavnik Jugoslav Jakić,Facebook
3f47a8e1-1649-4dbe-b603-b55ff473bd70,Ministarstvo kulture i medija Crne Gore,2023-01-30T16:27:25.825Z,d3d10782-7a5e-42b4-bfaf-997b0329a883,Vlada Crne Gore,Montenegro,me,828098207545908,Ministarstvo kulture i medija Crne Gore,Facebook
bcee3b48-3eae-4ee3-b14e-cb1d22a7df90,SPP - Stranka pravde i pomirenja - Crna Gora,2023-01-30T16:27:25.879Z,b03e0c86-831b-4ade-a214-4d564f97db54,Drugo,Montenegro,me,527393817354387,SPP - Stranka pravde i pomirenja - Crna Gora,Facebook
1d9e654c-1061-401c-8325-db009e22ebf0,Građanska Crna Gora,2023-01-30T16:27:25.901Z,0a3645a2-b21d-4dfb-b7c4-237eb06f8148,Drugo,Montenegro,me,123938403199000,Građanska Crna Gora,Facebook
22ca351b-d332-4fc8-bc59-0332e4fe4106,Nihad Canović,2023-01-30T16:27:25.821Z,5fdf6ccf-1989-4f7e-a37b-8cfdb7b421cd,Drugo,Montenegro,me,100628711754140,Nihad Canović,Facebook
c71eb689-b018-4baf-be50-e3f666db4bc0,SNP CG - Socijalistička narodna partija Crne Gore,2023-01-30T16:27:25.547Z,1a1bbe00-a1ea-4715-82ed-31684047ab78,SNP,Montenegro,me,103656618479791,SNP CG - Socijalistička narodna partija Crne Gore,Facebook
8bf87cb9-253f-41eb-b85b-c6eddc04c634,Aleanca Shqiptare MNE,2023-05-31T06:54:19.671Z,872d5fa2-25ab-4e94-bdfa-b0c33d1e3b0b,Drugo,Montenegro,me,100204913096283,Aleanca Shqiptare MNE,Facebook
ea2edfc9-4190-46bf-8ff8-2b2d7c9197a3,Demokratska partija socijalista Crne Gore,2023-06-05T06:54:12.856Z,a590b287-1cc4-4d44-934e-719a78e143f6,DPS,Montenegro,me,178671462179370,Demokratska partija socijalista Crne Gore,Facebook
0d974a06-89a8-458d-8588-42bcf6c9bc66,Bošnjačka stranka,2023-06-05T06:54:12.929Z,97a4160b-569e-4dcf-bb36-ac4c339c7f30,BS,Montenegro,me,730136330426990,Bošnjačka stranka,Facebook
1cf71aae-0f5e-4e8f-805d-8d3b3584990c,URA Ulqin,2023-06-06T06:53:55.104Z,c0373f67-de1d-4c29-87f4-02a53bd6297f,URA,Montenegro,me,504480793004623,URA Ulqin,Facebook
bc1c9b6f-73d0-4eb5-836d-b853179d283a,Forca E Re Demokratike,2023-06-04T06:53:45.840Z,634bfaa3-c7d2-4f80-bc6b-aeefbe88be64,Drugo,Montenegro,me,1508488476138038,Forca E Re Demokratike,Facebook
a7ce733e-2c81-4971-b469-18271b2a8f11,WalkingbytheEarth,2023-01-30T16:27:26.402Z,67020b7e-810a-47be-9810-66dbff8f81a6,ZZZ,Montenegro,me,2025519554443263,WalkingbytheEarth,Facebook
d4950fca-47ef-4c7c-b7f6-894cab8b6072,Centar za demokratsku tranziciju - CDT,2023-01-30T16:27:25.602Z,9c2f9cde-4a77-4e15-8bf1-dc2a8572f9a3,ZZZ,Montenegro,me,139420946128519,Centar za demokratsku tranziciju - CDT,Facebook
5a46443a-ecf9-48e5-b6d6-fb5757e05917,"Osnovna baletska škola ""Princeza Ksenija""",2023-01-30T16:27:26.526Z,3fc2b1ce-81b1-406e-aeca-3636e85a14b8,ZZZ,Montenegro,me,654665888019577,"Osnovna baletska škola ""Princeza Ksenija""",Facebook
066f9d6d-66fe-401d-881a-7048163a37f8,Inicijativa Direktne Demokratije-IDD,2023-01-30T16:27:25.721Z,2b2bea14-6700-49ae-b489-f6dc6492170e,ZZZ,Montenegro,me,106519341307340,Inicijativa Direktne Demokratije-IDD,Facebook
596fd2ae-b870-4cb9-b87a-642d7e704e57,Хавро Татьяна,2023-01-30T16:27:27.380Z,bdc32bf8-4a95-437d-938e-abef2477871c,ZZZ,Montenegro,me,504668886562395,Хавро Татьяна,Facebook
960dfaa4-ac82-4c9d-a3f8-181001fb8e15,Outlandish Theatre Platform,2023-01-30T16:27:26.972Z,6dc91b6c-ee38-436c-b61e-d9b863841b2d,ZZZ,Montenegro,me,214167031958920,Outlandish Theatre Platform,Facebook
6bffeb50-5471-4f8d-a468-227fc3296861,Futsal Dinamo,2023-01-30T16:27:26.762Z,54e7ecd7-2b8e-4ba7-91fc-a6845b91b8b5,ZZZ,Montenegro,me,735128353212519,Futsal Dinamo,Facebook
3aec879d-0abe-46dd-b119-86859da66ef1,Golden Era Files,2023-01-30T16:27:28.206Z,c2fbc727-820b-4d98-b308-8734f721c9f5,ZZZ,Montenegro,me,108346835339219,Golden Era Files,Facebook
eee3fdae-e335-4170-ba82-75f38bffcee8,Durham University Business School,2023-01-30T16:27:28.259Z,e25705b2-36dc-428a-941e-35e6ff682335,ZZZ,Montenegro,me,124285820927337,Durham University Business School,Facebook
986f960d-06c7-4812-9f15-7d89269a723a,EU Kutak,2023-01-30T16:27:27.928Z,bfdfc350-17ac-40c9-bd48-e5864a629ec7,ZZZ,Montenegro,me,101877055666461,EU Kutak,Facebook
3062714d-09ae-4fdc-b747-175b26f3619d,3addedminutes,2023-01-30T16:27:27.880Z,7e1e1111-57fd-45cd-82ba-07a62f5f8375,ZZZ,Montenegro,me,110279758515616,3addedminutes,Facebook
0b101fd0-e7ea-4cf4-871c-0c963ef2ed8d,Tender Octopi,2023-01-30T16:27:27.765Z,89e79c6b-22b5-43eb-b398-2c29d8784ca1,ZZZ,Montenegro,me,782924635435040,Tender Octopi,Facebook
382d3df7-1228-4fc6-ad8b-19d86d2adce7,Institut alternativa,2023-01-30T16:27:26.307Z,7c0ff0bc-e6a3-49b5-aa1b-652185dd73f9,ZZZ,Montenegro,me,804539556269463,Institut alternativa,Facebook
97a44448-3c79-4624-864a-7dc779e0e53c,Letsget_realll,2023-01-30T16:27:28.100Z,dad1a602-8568-4950-b6a9-20eed4313f84,ZZZ,Montenegro,me,102176039105189,Letsget_realll,Facebook
383cc3e7-e87e-4cdd-ba05-bdb99dba8853,zaposli.ME,2023-01-30T16:27:26.329Z,3fc9e2b9-6007-4f7a-b8bd-16fb804c5df0,ZZZ,Montenegro,me,150513215111252,zaposli.ME,Facebook
6832f1fe-9ead-4113-a9b8-87bb5ad07ed8,Alternativni centar za devojke / Alternative girls' center,2023-01-30T16:27:26.386Z,f880e011-20c3-45d6-8d5c-b0a7cff9f1c4,ZZZ,Montenegro,me,540509065968980,Alternativni centar za devojke / Alternative girls' center,Facebook
923450eb-1e65-4d0c-a133-d959b0b939c2,ARTOS - opportunity for everyone,2023-01-30T16:27:25.809Z,986514ab-1a3d-4d86-a8e5-84dbddea0080,ZZZ,Montenegro,me,208075622935455,ARTOS - opportunity for everyone,Facebook
3f4a69c0-5a43-42d9-9142-8456f42336aa,United Nations Free & Equal,2023-01-30T16:27:27.747Z,676a05e2-c2c8-49d1-9056-d93f9cfb34e1,ZZZ,Montenegro,me,121082244759043,United Nations Free & Equal,Facebook
9caf4c6f-14c2-4797-821e-cd4b20c12915,SAS Adriatic Region,2023-01-30T16:27:25.864Z,cf392e31-0598-4823-b6df-139e6ec8833a,ZZZ,Montenegro,me,987346151321999,SAS Adriatic Region,Facebook
fac0b837-f5d6-4940-b863-fe268808f9af,GRUPO BNBC - Centro Integrado de Negócios,2023-01-30T16:27:27.640Z,a91c8797-5e21-4f57-bbbb-c4d02efcd541,ZZZ,Montenegro,me,1469312633302595,GRUPO BNBC - Centro Integrado de Negócios,Facebook
d2ab756d-6326-442b-bf95-5f1ccb2bbafe,Volim Danilovgrad,2023-01-30T16:27:25.910Z,8883cca1-c157-4c21-80c8-677a9f48820d,ZZZ,Montenegro,me,1989654894655493,Volim Danilovgrad,Facebook
e12cbaf3-563b-464d-90ba-62463a850eb0,Kritika HDP,2023-01-30T16:27:26.720Z,392482fc-eb0e-40a8-af48-4a55d26219f9,ZZZ,Montenegro,me,109109030873071,Kritika HDP,Facebook
c1daa812-a92e-4d68-96e6-7c1a56c5d09b,Global Jobs Alert,2023-01-30T16:27:27.659Z,42a18f96-2ae9-49b0-b97d-acee352e96ec,ZZZ,Montenegro,me,111226201784446,Global Jobs Alert,Facebook
4566a02e-897e-441d-bc26-d53aa7f4b4de,AeroTime News,2023-01-30T16:27:27.822Z,c3745a9d-add0-4101-9a2f-a12fd0254d4c,ZZZ,Montenegro,me,479285342097950,AeroTime News,Facebook
14f961df-f5cb-4012-bde9-322485e38e7f,American English for Educators,2023-01-30T16:27:28.251Z,5fc80bca-8ab7-4f2c-9ff6-04e85a204980,ZZZ,Montenegro,me,1107005629310630,American English for Educators,Facebook
c3327204-45ee-4ba0-a18e-cc97b1223a75,Golf Guys 2,2023-01-30T16:27:27.862Z,68ffc8ad-a15c-43d7-8418-03f283a7e5ba,ZZZ,Montenegro,me,108341105409731,Golf Guys 2,Facebook
5b78a74a-dc98-46ba-bc98-196af9027afa,Portal Dnevno,2023-01-30T16:27:25.549Z,43f71ad2-432e-4f74-8f34-af96476e5aae,ZZZ,Montenegro,me,103645778920740,Portal Dnevno,Facebook
9f9e1c43-325c-4b52-aa70-0285678e4071,MMA Fighter,2023-01-30T16:27:27.764Z,89c67be3-2b43-430a-88c7-28ccf47f213f,ZZZ,Montenegro,me,1900502890185321,MMA Fighter,Facebook
c37038fe-5f14-41d7-84de-62b1b149ca99,Raskrinkavanje.me,2023-01-30T16:27:25.762Z,ea74cffe-586e-47fc-9bb2-2d8b5337194f,ZZZ,Montenegro,me,2272866126088229,Raskrinkavanje.me,Facebook
1023479c-c3c3-4943-bbed-14fc38eff4da,Fedja Pavlovic,2023-01-30T16:27:26.164Z,270bdab0-f681-4d0e-a9b7-7bc1c89d4798,ZZZ,Montenegro,me,100566969535891,Fedja Pavlovic,Facebook
689bea77-79bc-4165-89b0-e1ac109000ed,Matt27,2023-01-30T16:27:28.040Z,0e333237-6a56-4173-baff-de091d7557e3,ZZZ,Montenegro,me,105954855202943,Matt27,Facebook
4634fc82-6b20-4d9d-a9e9-5f8cc15154d6,Watching TV Now,2023-01-30T16:27:27.768Z,36fd611f-e456-4b21-b023-e93d8bd82177,ZZZ,Montenegro,me,103653034325640,Watching TV Now,Facebook
a0237abb-395d-4237-a654-5f13c2446aba,Турецкий язык по скайпу от Анны Боровской,2023-01-30T16:27:27.920Z,c1996bbc-00f5-4524-9ecf-abf2e7f17e98,ZZZ,Montenegro,me,1834711490185155,Турецкий язык по скайпу от Анны Боровской,Facebook
1c6f3d6b-b52b-4208-a0b3-ec15ddef3cfd,EFK Platform,2023-01-30T16:27:27.408Z,07f38db0-56f1-4317-beaa-6978ac58f757,ZZZ,Montenegro,me,107989308686004,EFK Platform,Facebook
75624af1-5ffa-43c7-bd0e-7dc5ca0c99f2,Rock Legends,2023-01-30T16:27:27.840Z,a3ca55ea-d5cd-4429-bc86-5904961a79a8,ZZZ,Montenegro,me,110522835200642,Rock Legends,Facebook
38671403-cfed-41bd-be55-aaca9312dac5,OCEAN Svijesti,2023-01-30T16:27:27.909Z,8e60137c-10d8-4468-a8f4-e960b0cac78b,ZZZ,Montenegro,me,103506698632448,OCEAN Svijesti,Facebook
d3bbc09f-68c1-42c8-a293-39ffead12727,LiuGong Global,2023-01-30T16:27:27.209Z,d1606aa2-c614-4220-bac6-20a6e4a90ea8,ZZZ,Montenegro,me,112134993739277,LiuGong Global,Facebook
ef803b41-d756-4f38-9cdc-3318785e99f8,Lezhin X,2023-01-30T16:27:26.885Z,01e70ac6-1e75-406f-a634-0164d4929945,ZZZ,Montenegro,me,102804228788258,Lezhin X,Facebook
efffa20e-d488-4358-8674-1c97f11bf2a5,CEU Department of Economics and Business,2023-01-30T16:27:26.303Z,608bc82c-12ad-45c3-b965-bd6d913f384f,ZZZ,Montenegro,me,42061370953,CEU Department of Economics and Business,Facebook
3b5892d2-f582-44ff-9537-b5cf4c899714,Sunčica studio,2023-01-30T16:27:26.628Z,b6a2f910-4790-462a-84ac-97254b8f2038,ZZZ,Montenegro,me,102224325029636,Sunčica studio,Facebook
8e550418-3429-47e6-a64c-5703347c18c7,Instituto Europeo de Psicología Positiva - IEPP,2023-01-30T16:27:26.762Z,d7a7bc37-23b4-479b-8a48-416bc8f2c38d,ZZZ,Montenegro,me,137410079645823,Instituto Europeo de Psicología Positiva - IEPP,Facebook
605248f2-1263-4430-b91a-212dba332cbd,歷史趣談,2023-01-30T16:27:27.002Z,9da8a258-43d1-4880-9e32-8aef3a9e066e,ZZZ,Montenegro,me,106786598824719,歷史趣談,Facebook
c1ebc6fa-3660-44e3-b43d-57c40a876d6c,Portal Analitika,2023-01-30T16:27:25.600Z,1a39bd9c-31cb-479f-bfa7-791ecd6db539,ZZZ,Montenegro,me,211681129037635,Portal Analitika,Facebook
95f8266b-f5e8-4e60-bd77-dd7e7ae7e97d,Organizacija KOD,2023-01-30T16:27:25.670Z,56e9add6-fc03-46ee-bba6-34791c5a7631,ZZZ,Montenegro,me,375962896195109,Organizacija KOD,Facebook
b8ee4ab5-ff61-4dbe-a6cf-1c7ac3d4688c,Japan Forward,2023-01-30T16:27:27.479Z,919820f0-cebb-40e5-af20-395213cbd2da,ZZZ,Montenegro,me,1182128755219778,Japan Forward,Facebook
b8d149cd-575f-40d8-a97f-c18f961bb75e,Circular Economy Beacons,2023-01-30T16:27:25.968Z,661178ed-6b9a-44de-9a7d-0ca0a70a4b09,ZZZ,Montenegro,me,102291838392541,Circular Economy Beacons,Facebook
3a0ecdbb-14c8-43c2-b15c-b86aaa65132c,Topaaa_05,2023-01-30T16:27:27.680Z,2abe28d0-bdfa-4c3b-9c22-b1e13933745b,ZZZ,Montenegro,me,101199606156208,Topaaa_05,Facebook
ce0dee8e-e2b5-4ebb-be7e-bc5bc9733d95,Помощник в миграционных вопросах,2023-01-30T16:27:27.403Z,dedfbc46-debb-4679-bbb9-2beee8363b25,ZZZ,Montenegro,me,105106452325758,Помощник в миграционных вопросах,Facebook
11821393-ec50-4678-b2a1-a93652bab438,Officialjombo1,2023-01-30T16:27:27.369Z,787abc14-1b98-40de-b084-384247a23718,ZZZ,Montenegro,me,109452985104987,Officialjombo1,Facebook
5af84211-76c9-45f7-bf1c-f64cb73cef7f,ProMotion,2023-01-30T16:27:26.769Z,001cd253-fd2f-49ab-956c-a0a2c4a438c9,ZZZ,Montenegro,me,103668535960306,ProMotion,Facebook
25438f30-855b-4c55-b3c8-9409caa91d2b,ycmchallenge,2023-01-30T16:27:26.864Z,f5320b4b-24a9-4628-93cb-5ef89e909e22,ZZZ,Montenegro,me,104250978660291,ycmchallenge,Facebook
bcab212b-4127-45f6-bf4a-48524d441e62,Fashion & Friends,2023-01-30T16:27:26.889Z,a2d36dc3-6b4c-4196-9e49-012dac865b1a,ZZZ,Montenegro,me,2030917303819296,Fashion & Friends,Facebook
34724298-2cd1-41fb-9b83-77e38150be6a,Italian Feelings by Alifood,2023-01-30T16:27:26.972Z,67ff7107-bd8e-44ba-b480-acec4c7b8ae2,ZZZ,Montenegro,me,200667473630895,Italian Feelings by Alifood,Facebook
07d2f954-9fd8-4058-841e-fcbf732a361e,Republicans Overseas - Montenegro,2023-07-17T06:32:54.761Z,1cc91be4-f41f-43b4-b87d-b76bb05728c1,ZZZ,Montenegro,me,103989162514691,Republicans Overseas - Montenegro,Facebook
21cb694d-4468-48c7-a5f5-0840f024222c,milena.the.little.journey.psy,2023-01-30T16:27:28.103Z,bf736275-fc8f-4ae1-8db9-7a8505be43d0,ZZZ,Montenegro,me,107904958780595,milena.the.little.journey.psy,Facebook
1063b239-7042-451e-b992-8de3f084226f,Alfa Centar Niksic,2023-07-17T09:55:07.957Z,8982ddcd-4623-4c99-80fb-84bae09f2b7c,ZZZ,Montenegro,me,777455508992586,Alfa Centar Niksic,Facebook
d92f9aaf-0536-437e-99dc-59279f9928db,UNICEF Europe & Central Asia,2023-01-30T16:27:26.340Z,d9e3409e-2de4-40d3-83ce-852feebb091e,ZZZ,Montenegro,me,373536278864,UNICEF Europe & Central Asia,Facebook
d1983122-b3b1-4ddd-b56b-ef0162d681aa,NinjaOne,2023-01-30T16:27:26.391Z,da4e4e46-5d8c-494e-b2bf-94d739fdd003,ZZZ,Montenegro,me,902485329837313,NinjaOne,Facebook
6c799ec9-4ad5-4e8a-88be-46328884028a,Naglasi,2023-02-21T12:19:40.594Z,63064d91-8f3d-4ff8-836b-dca611d70a5c,ZZZ,Montenegro,me,106107345612039,Naglasi,Facebook
66e234a8-8e56-4243-a1ef-a452000c7049,"Громадське об'єднання ""Східний фронт. Харків""",2023-01-30T16:27:27.701Z,b8fd1f01-d4de-4405-8282-c2c73e12299f,ZZZ,Montenegro,me,105264538379625,"Громадське об'єднання ""Східний фронт. Харків""",Facebook
4e3c43ac-7825-4fc6-86ed-5c6514b32403,tve_montenegro,2023-08-16T05:08:18.531Z,6e06cf51-df1b-4619-8bb8-6f747bc6f7ca,ZZZ,Montenegro,me,104172599156887,tve_montenegro,Facebook
980c63b3-c7c4-460e-8933-44e083aa6aca,Fun by Day,2023-01-30T16:27:27.402Z,d9dcf80f-29be-40a8-97d8-752322bb87ed,ZZZ,Montenegro,me,108929675184859,Fun by Day,Facebook
d96d89f3-4b76-4881-aa0a-ba997444b325,Pcnen,2023-09-22T05:07:54.535Z,e125837c-33cf-4804-b4b0-2899087dfa50,ZZZ,Montenegro,me,369972529703642,Pcnen,Facebook
35bf9d8f-3e84-4b12-9fea-4c0ea510182d,Trust Group - Гражданство ЕС,2023-01-30T16:27:27.342Z,cfb4c083-37e7-44e1-8360-e6ab74130b8c,ZZZ,Montenegro,me,661242403997082,Trust Group - Гражданство ЕС,Facebook
dd16dd3f-c13f-4ecc-8050-68bb0defc378,Life in Harmony,2023-07-24T05:08:16.008Z,17b3cd82-fe8e-43d4-9de5-af68784797c1,ZZZ,Montenegro,me,343416366070460,Life in Harmony,Facebook
e90b661f-f1f5-4572-a8e4-b22caf1924e3,Luis,2023-01-30T16:27:27.180Z,429d3163-efca-45dd-835f-9d63d41e5488,ZZZ,Montenegro,me,100205232489461,Luis,Facebook
8e397133-4a01-45db-a531-a49d2c8895bf,Programa Papo de Bola,2023-01-30T16:27:27.092Z,f1aacb9b-468a-4db4-ba3c-13c1d0e1667d,ZZZ,Montenegro,me,274400273295605,Programa Papo de Bola,Facebook
ef862c44-ccd6-406e-aa83-1033d9760752,CNE.news,2023-02-21T11:58:07.184Z,dc8cd6ff-1a6e-4085-bdd8-78942f57c805,ZZZ,Montenegro,me,109627051446387,CNE.news,Facebook
49fbb11d-6b31-44e2-a518-00bc8c8e24ce,Web Mind,2023-01-30T16:27:26.668Z,671d8b78-db4f-4977-9105-16b0ca554899,ZZZ,Montenegro,me,111114298487036,Web Mind,Facebook
8d7edd11-d751-4d18-ae3c-4aec21a1dfa0,Global Asset,2023-02-21T11:58:25.484Z,e470d188-0bae-458a-bba0-142d118f7950,ZZZ,Montenegro,me,424398198150203,Global Asset,Facebook
cb44a046-e201-47af-ae69-2f93c4bd68f4,MINA,2023-01-30T16:27:25.542Z,46f79274-7a40-466e-81b3-55665ff7e8d5,ZZZ,Montenegro,me,196763830337292,MINA,Facebook
d57eeb6b-27b2-413a-a556-331de8ff46cf,Savremena Karijatida,2023-01-30T16:27:25.866Z,a803b641-267a-404f-8f6c-3dd856d75f93,ZZZ,Montenegro,me,398402497658241,Savremena Karijatida,Facebook
924f7258-21fa-41ae-9b9e-6ed897939382,Prihvatilište i Oporavak Životinja Crna Gora,2023-02-21T12:03:09.065Z,9d5e7f4e-bf30-4a1e-88f0-37d5806aa001,ZZZ,Montenegro,me,112032268830136,Prihvatilište i Oporavak Životinja Crna Gora,Facebook
5595a061-e429-47e6-b475-b49dfff5613e,Gazer,2023-01-30T16:27:27.766Z,1f433bb3-fc64-4e95-9d9c-68ad9229bcbb,ZZZ,Montenegro,me,1535790726652105,Gazer,Facebook
e3bfae6e-47b4-4bc2-a8b6-ded8e5149664,United Nations - Serbia,2023-01-30T16:27:26.386Z,b7565622-bf90-486f-a513-c7dc11b58c53,ZZZ,Montenegro,me,433881463342870,United Nations - Serbia,Facebook
a351be68-6ea7-4c30-a51f-48ef9606d65c,EU.RO Group,2023-02-21T12:01:09.850Z,65ae7e91-82fe-4d3b-b32e-da846dbf3cf9,ZZZ,Montenegro,me,889085141126043,EU.RO Group,Facebook
b227ec71-fabf-4ec0-94da-1789b2d68868,Alpha Bacar Guilédji,2023-01-30T16:27:27.488Z,8b5d45ca-8ccb-451d-a23f-c08fda70ea04,ZZZ,Montenegro,me,102659572693499,Alpha Bacar Guilédji,Facebook
ef9e385c-ce08-4fcd-82a5-a3d56355252c,Libertas Press,2023-02-21T12:03:07.280Z,04ad6d80-87f2-4357-b2f6-01c241a78f90,ZZZ,Montenegro,me,102382862344966,Libertas Press,Facebook
e11ffe85-afe5-41fb-8460-8ec9ced5006b,Dymensa,2023-02-21T12:04:27.254Z,8be091dd-50cf-4b40-9197-d0db5981ba06,ZZZ,Montenegro,me,106199075483449,Dymensa,Facebook
1a848bd0-fbe1-4e57-b19e-ae3c510d8b3d,ЛГБТ-группа Выход / ComingOut LGBT group,2023-01-30T16:27:27.408Z,1dfa26d6-86f3-445a-ab68-a9743e4fefc2,ZZZ,Montenegro,me,167401859967619,ЛГБТ-группа Выход / ComingOut LGBT group,Facebook
925d116c-0eea-4c96-b8a8-de2dc8ec1132,CRI Srpski,2023-02-21T12:04:54.871Z,c5d5858d-97a3-457a-877d-68be0f400817,ZZZ,Montenegro,me,325242907600207,CRI Srpski,Facebook
80c21bab-78b8-45a9-9dfc-ebf54e355e0f,Just Chrys,2023-01-30T16:27:26.943Z,0b01f5c7-6fdf-4f73-8e22-fdfef7884d91,ZZZ,Montenegro,me,346028795524283,Just Chrys,Facebook
d9499e6c-58fe-4ef9-906f-acb174d61838,Sensus Aero,2023-02-21T12:06:23.272Z,40ba936a-3728-4cc2-97d9-272c5927b756,ZZZ,Montenegro,me,101176145849214,Sensus Aero,Facebook
107f2888-7e02-4c4e-86c3-1bcbad2d07a3,Stand For Ukrain,2023-02-21T12:07:39.995Z,5ad13a9a-4143-4b26-a779-aa1a76e9d9af,ZZZ,Montenegro,me,100309756118342,Stand For Ukrain,Facebook
3e5c6085-611c-4f8c-bb9d-687fb34e7f45,CityExpert,2023-01-30T16:27:26.662Z,1cc70594-0964-4776-9c80-fe6cf8c109b4,ZZZ,Montenegro,me,1525512077734391,CityExpert,Facebook
9d1ee308-44fc-4cbd-9feb-b0d7eb499eae,julvarshavska,2023-02-21T12:07:51.711Z,07707d17-4cc0-4ef8-aa60-3b3222e94f1d,ZZZ,Montenegro,me,109336401675217,julvarshavska,Facebook
6fb3b1de-c1f5-4491-a26e-5f1fc070991d,Ima nas,2023-01-30T16:27:25.699Z,aa1719ff-69b5-4a4a-9297-1929f5261ca7,ZZZ,Montenegro,me,108339575427815,Ima nas,Facebook
dbec5354-57c5-4ce8-bf8e-2b4372cd48fb,Vijesti i Aktuelnosti,2023-02-21T11:58:15.821Z,79ea3c50-ab32-4fd0-a9cd-068e2711d6fd,ZZZ,Montenegro,me,112973705426654,Vijesti i Aktuelnosti,Facebook
5c5f1899-36bc-4780-b07c-7d8228479c81,Gradski.me,2023-01-30T16:27:25.968Z,c736b9e4-8e08-4b4f-a386-e7c0ccead14f,ZZZ,Montenegro,me,103186118527828,Gradski.me,Facebook
b3ed3e14-dc67-4591-9547-d0439343aee1,Reimagine.meha,2023-01-30T16:27:28.231Z,eb1815a7-4819-41cb-831f-f36a9c80c919,ZZZ,Montenegro,me,107982141982514,Reimagine.meha,Facebook
256863f8-685b-4204-a5a3-21e4cb7431f9,Uprava prihoda i carina Crne Gore,2023-02-21T11:59:31.500Z,17a2de12-6355-4983-80e8-2dc81b9e24a7,ZZZ,Montenegro,me,1487929474844801,Uprava prihoda i carina Crne Gore,Facebook
6cc93074-dd78-45fd-a576-6d6db23167e6,Vitraž,2023-01-30T16:27:27.908Z,bd6fd328-3f21-41b6-b6ed-de0bb8c30ba5,ZZZ,Montenegro,me,2011507485843115,Vitraž,Facebook
e674052f-86f0-4a2a-86f6-02d05929dab1,Viktoriya Emirova,2023-02-21T11:58:15.850Z,3b7a5cfd-15fa-48bd-a88c-5829b1a3df0a,ZZZ,Montenegro,me,621285331572366,Viktoriya Emirova,Facebook
950f7540-e119-45b1-9e36-b12dd330e6a6,Жіночий Ветеранський Рух,2023-01-30T16:27:26.508Z,6253a65b-32b2-4a7f-aa45-33291737a4b2,ZZZ,Montenegro,me,411064929744268,Жіночий Ветеранський Рух,Facebook
71aa38b2-b212-400b-a237-1f6406c455f5,Help Ukraine,2023-02-21T12:01:19.381Z,dd364550-e785-41fe-ab03-58efb10d7983,ZZZ,Montenegro,me,109037265176294,Help Ukraine,Facebook
62534260-558b-476d-8dc6-b7b0e1a4f059,odgoj.u.ravnopravnosti,2023-01-30T16:27:26.864Z,8d97e90b-32af-488d-bb0a-4ed4a65ecca5,ZZZ,Montenegro,me,101208972391998,odgoj.u.ravnopravnosti,Facebook
80a1cdcf-422a-495a-af13-25131484c1c3,MIT Enterprise Forum CEE,2023-02-21T12:01:29.956Z,03ad94e9-a641-4ba0-a84f-a20cdab966bf,ZZZ,Montenegro,me,979316462133085,MIT Enterprise Forum CEE,Facebook
4ad9f4fc-e310-4b7c-8c84-324a480e0c7a,Putni Kofer,2023-01-30T16:27:26.643Z,9d8e16e1-069d-4393-b8e9-2f294a00d8cc,ZZZ,Montenegro,me,817063038483786,Putni Kofer,Facebook
9234885b-673b-4138-b026-a560aa1da6b3,Hive Mind,2023-02-21T12:01:09.878Z,17c1ad6f-e133-43d3-b90e-8cb0e1e3129a,ZZZ,Montenegro,me,103451648107911,Hive Mind,Facebook
5dff2681-858e-464f-99e7-cd48d105d198,Sindikat Telekoma CRNE GORE,2023-01-30T16:27:25.603Z,18b65f7a-cef0-455c-87f4-72c39c563181,ZZZ,Montenegro,me,103757002580383,Sindikat Telekoma CRNE GORE,Facebook
a30b446c-9587-4005-8563-4d694e319c30,Andriy Tkachuk,2023-02-21T12:01:11.556Z,b7e61379-9672-4fa3-bdde-76c80dc59e4d,ZZZ,Montenegro,me,104603702238089,Andriy Tkachuk,Facebook
f2e58d12-aa3a-4636-8146-7e5a9bcba0d8,CAZAS,2023-01-30T16:27:25.760Z,666c0357-af52-41f9-b91f-d60c0a3ba2e8,ZZZ,Montenegro,me,455365674500777,CAZAS,Facebook
d4325a8d-f569-4f0c-8a33-3feb7a6d4c5c,Javni Servis,2023-01-30T16:27:25.884Z,7b08b524-c10e-4c97-9f0b-32299e3da290,ZZZ,Montenegro,me,1690233157900278,Javni Servis,Facebook
451f3b81-d8b6-4c89-922c-c684f34d4797,Adria.tv,2023-02-21T11:57:58.088Z,1149b095-e739-44ac-b0fa-5b8a56e1eb75,ZZZ,Montenegro,me,201564167091063,Adria.tv,Facebook
796b7468-b9b5-4257-9262-e0d58e659322,Vision Event,2023-01-30T16:27:26.060Z,69d2956a-0e70-4f2d-ae01-75630e56b034,ZZZ,Montenegro,me,188840181304697,Vision Event,Facebook
e507a50b-c8c7-49d3-94f9-6ad14da4ac40,Regional Education and Information Centre - REIC,2023-02-21T12:00:02.556Z,5ad92b2e-2d95-45c4-a98f-c4803d770da2,ZZZ,Montenegro,me,178904278938779,Regional Education and Information Centre - REIC,Facebook
6b675914-bd38-405d-9dda-09044148e43e,Sergey Kuzmichev,2023-02-21T12:01:19.399Z,47b7b7d9-3639-4178-8c5c-d32f3cb7ef50,ZZZ,Montenegro,me,107799135250679,Sergey Kuzmichev,Facebook
5cd22ab5-c836-4162-a3a0-d809e5851289,DHL Africa,2023-01-30T16:27:27.925Z,3f666be4-45f2-4ec9-adc7-4728d72bbc6b,ZZZ,Montenegro,me,562471887119419,DHL Africa,Facebook
1e31a68f-80ba-46af-b0ca-e9e823995c04,Eynulla Fatullayev,2023-02-21T12:03:07.301Z,d0c5a95e-f2e9-4d75-aff2-ca08c45115d5,ZZZ,Montenegro,me,107872505295606,Eynulla Fatullayev,Facebook
60684e72-8aeb-4f42-92d4-27bbc00dd163,Brides And Maids,2023-01-30T16:27:27.841Z,55d87617-13a6-4360-9934-ae1e534f02f4,ZZZ,Montenegro,me,114233111293495,Brides And Maids,Facebook
53d7aa2c-06b1-47b2-9dbe-4ea4f1292c50,Inside Telecom,2023-01-30T16:27:27.403Z,4c195a95-c7b3-4296-a7b4-eb414b155999,ZZZ,Montenegro,me,103929791073860,Inside Telecom,Facebook
cbd81661-e29c-48c3-9d25-69902c3b62c3,Glas Mrkojevića,2023-02-21T11:57:58.149Z,34e24132-b7f6-42f9-b983-141935186c1d,ZZZ,Montenegro,me,109846813775161,Glas Mrkojevića,Facebook
85f85ee4-9bfd-4285-82c9-283c98bb5c96,CCCC First Highway Engineering Group,2023-01-30T16:27:27.745Z,e542182d-3a98-4973-8fd4-358a33edb79f,ZZZ,Montenegro,me,107828158232221,CCCC First Highway Engineering Group,Facebook
5c5b663a-c721-4897-8b05-041430e0e433,Resurrection Life Christian Center Church,2023-02-21T11:59:32.728Z,7b1f86ef-8b02-4194-94ef-9ee97d3d2df1,ZZZ,Montenegro,me,114838322545043,Resurrection Life Christian Center Church,Facebook
df04ea0b-5f9e-4fe8-8eb4-134df97e274f,Iseljenicke price,2023-01-30T16:27:26.345Z,7a541508-c1a5-403f-9db5-4ea81860e4b8,ZZZ,Montenegro,me,284185892278,Iseljenicke price,Facebook
b4f37278-a16b-4ab1-bbe2-6daba0297448,Cities Alliance,2023-02-21T11:59:52.385Z,b380f097-b42f-4a94-a935-cb78cd9bbb3b,ZZZ,Montenegro,me,155449571161734,Cities Alliance,Facebook
5c7ab0c7-b32d-4e13-afeb-161ad24f8361,Regan Hillyer,2023-01-30T16:27:28.223Z,33eb99d6-7078-49e7-920c-ca4179524b24,ZZZ,Montenegro,me,829208673777443,Regan Hillyer,Facebook
ed5cf48b-f781-4762-8e40-635049d46127,"IronAnne - Silence, j'ai peur du noir",2023-02-21T12:04:35.511Z,6ea08843-c9d1-433c-aa04-4b02f78cba42,ZZZ,Montenegro,me,355580111706902,"IronAnne - Silence, j'ai peur du noir",Facebook
853ad0b9-3018-4ea8-8664-7f206802724c,Insure Our Future,2023-01-30T16:27:26.281Z,6c3b2fb1-599a-47d4-a1c6-768f7be019ee,ZZZ,Montenegro,me,102044408391498,Insure Our Future,Facebook
e8e41f09-1faf-460d-a75d-0f7708598816,GFG.eu,2023-02-21T12:03:09.111Z,3b71012b-a72c-46c1-8379-787f60952923,ZZZ,Montenegro,me,107456911970135,GFG.eu,Facebook
3233e641-7600-4829-a6f1-fc078c7b60b4,World Transformation Movement,2023-01-30T16:27:27.665Z,ec418faa-fdbd-4ac7-b8ce-0ba045f393b5,ZZZ,Montenegro,me,372125409639,World Transformation Movement,Facebook
e10f6b0b-07ca-4605-9ab3-846ea721e1d2,Bitrizza,2023-02-21T12:06:05.537Z,f03c65b5-ec2c-4bb1-aca1-2645076013d0,ZZZ,Montenegro,me,100836315994781,Bitrizza,Facebook
9d5fe65b-5e61-47da-bf31-7819e1b8b418,Лада Миллер Мурашки для Флейты,2023-01-30T16:27:27.181Z,84eb9937-b784-4851-840f-34c328d24b5d,ZZZ,Montenegro,me,362173937789899,Лада Миллер Мурашки для Флейты,Facebook
bba36869-379b-41dc-b40b-0d5aeab6b1ff,ICT Cortex,2023-02-21T12:17:31.566Z,7fb81097-fa88-4665-8451-7e83fa4a1667,ZZZ,Montenegro,me,104637644996052,ICT Cortex,Facebook
ae7e10a0-d340-4a31-be35-643ae0b368eb,Boubacar Diallo,2023-01-30T16:27:26.972Z,1c6a7a82-80ee-4dde-8637-e3c54404f801,ZZZ,Montenegro,me,102378709341708,Boubacar Diallo,Facebook
80adefa6-1919-4866-80a6-f285ae0c2b45,Corsi.it,2023-01-30T16:27:26.926Z,1f5a5fab-3586-44ac-910d-33d42518f8d8,ZZZ,Montenegro,me,1988288641390704,Corsi.it,Facebook
01a4bb08-b214-48f5-a032-0810a745a87b,Louis Perron,2023-01-30T16:27:26.645Z,dcd1235b-e4cf-43f0-bae5-5d039d40bb49,ZZZ,Montenegro,me,100708119203564,Louis Perron,Facebook
76f55917-f8a1-44c5-9554-9f05f0a224f4,DESMI A/S,2023-01-30T16:27:26.721Z,2a949317-58ed-4b2c-86b0-9694e5eda430,ZZZ,Montenegro,me,1890146454611538,DESMI A/S,Facebook
de9a5d21-2704-4269-82b2-87d9d0e3a93b,Balkans in Europe Policy Advisory Group,2023-01-30T16:27:26.549Z,47b87631-31ba-4d76-ad0e-c8fb830b6052,ZZZ,Montenegro,me,1540421779619328,Balkans in Europe Policy Advisory Group,Facebook
7b9b516d-80d3-402f-ac1a-f47b8399616f,NVO MANS,2023-01-30T16:27:25.543Z,a24f40df-9c71-488f-89a9-39a558f0935f,ZZZ,Montenegro,me,513531212081016,NVO MANS,Facebook
61dafd27-dc54-4ba7-a973-d6169aea8db7,Portal Standard,2023-01-30T16:27:25.603Z,b56ab0e4-88de-4a00-837d-f2556209a2f2,ZZZ,Montenegro,me,118334792135186,Portal Standard,Facebook
e0110081-1f06-45da-bc3d-aef6d40b872c,Casa Senator Shop,2023-01-30T16:27:27.008Z,ec0322aa-4b3b-4813-afc9-68efffd8afe9,ZZZ,Montenegro,me,110601208577334,Casa Senator Shop,Facebook
6454d3bd-6f80-4b4b-bb53-c0187fc26b24,Shakespeare's Globe,2023-01-30T16:27:27.850Z,e3f47104-386b-4813-bfb1-67284422c868,ZZZ,Montenegro,me,23565920773,Shakespeare's Globe,Facebook
98ddd995-31c9-4db8-b17d-958d36e82990,REHAU,2023-01-30T16:27:26.360Z,a7b365a9-32ad-44ca-b98b-9bdf396697f5,ZZZ,Montenegro,me,345960609317,REHAU,Facebook
40bf0314-5276-48dc-85cc-f7d3fc821c66,Heather Plett - author,2023-01-30T16:27:26.545Z,6d78d3e9-3bed-4cb1-ac93-c10ced4b7672,ZZZ,Montenegro,me,734179473324941,Heather Plett - author,Facebook
3ce4e84d-a2f0-4302-b0b4-ce219695129d,Ognjište BAJA Pivljanina,2023-01-30T16:27:27.606Z,9b19d939-1b49-432b-88b7-d128887279aa,ZZZ,Montenegro,me,1225089420961694,Ognjište BAJA Pivljanina,Facebook
adcc2823-4d5b-4c1e-808f-cca6f314aeea,"Ni Una Palmadita, Fernanda Restrepo",2023-01-30T16:27:27.267Z,8fa232c8-9bca-4157-b350-3258cafa5e12,ZZZ,Montenegro,me,1803279899993382,"Ni Una Palmadita, Fernanda Restrepo",Facebook
7f58d3d4-8cf4-49a7-b15b-3588aaa537ec,Catalyst Balkans,2023-01-30T16:27:27.065Z,83beadde-e3e7-4f1a-b0b9-a5671657e411,ZZZ,Montenegro,me,711102852239902,Catalyst Balkans,Facebook
a0572110-1511-420d-8a10-6b0d9ac0ef62,skenderbeu.info,2023-01-30T16:27:26.925Z,525650d7-1fc5-4778-9cf7-35dcadb02472,ZZZ,Montenegro,me,102075462108797,skenderbeu.info,Facebook
e24a9549-1617-4f53-8fe2-321a096c951f,Психолог Мария Маричева,2023-01-30T16:27:26.661Z,29e6e34a-ed50-4c5f-bbf8-be700f4e6dd9,ZZZ,Montenegro,me,108509328400775,Психолог Мария Маричева,Facebook
05ebcd72-97d7-43b0-b2f5-09564fed20e4,Centar za monitoring i istraživanje - CeMI,2023-01-30T16:27:25.541Z,15c07ab4-2896-4cc7-bef9-41e05dbf9b16,ZZZ,Montenegro,me,421528787908380,Centar za monitoring i istraživanje - CeMI,Facebook
ffe5b998-d244-4576-a787-120375511848,Digital Forensic Center - DFC,2023-01-30T16:27:25.604Z,15db1ae6-7089-4f21-98e8-1f23960c3bff,ZZZ,Montenegro,me,252814308920994,Digital Forensic Center - DFC,Facebook
571aaebb-ac9e-42eb-a97d-a79908dd8bfd,Laser-daroteka - I AM Love,2023-01-30T16:27:25.767Z,7649f70b-0cc3-4f5a-b815-9ffa5a04464a,ZZZ,Montenegro,me,102176352296454,Laser-daroteka - I AM Love,Facebook
259e9a1f-7109-4db9-98a0-95082565b06f,VIDA,2023-01-30T16:27:26.200Z,05bdeeb7-67c2-4666-afd4-56ce90d72453,ZZZ,Montenegro,me,109420188426263,VIDA,Facebook
e6f38e44-a495-4d34-8611-04ef2102b55c,Architecture Competitions,2023-01-30T16:27:26.887Z,c48c5b66-6ca7-4bc1-83b9-3032cfd020f9,ZZZ,Montenegro,me,347265340270,Architecture Competitions,Facebook
a50b2b9e-6d84-45c3-bf8b-585238584388,Časopis Odiseja,2023-01-30T16:27:26.667Z,627f964e-30bf-48fb-ad59-55731eb03aee,ZZZ,Montenegro,me,279784679429805,Časopis Odiseja,Facebook
4c38b02e-c15e-4e78-94a7-22102297765f,Liuxininbeijing,2023-02-21T12:05:04.056Z,2c49983c-a7da-495e-a9f6-dcf3c3d6eb29,ZZZ,Montenegro,me,103733191524431,Liuxininbeijing,Facebook
13332f26-79f0-4230-aa2f-9bd4cdb56138,Topcon Agriculture,2023-01-30T16:27:26.284Z,62dd4118-3fea-4c85-8a1d-cf997d4ba7c0,ZZZ,Montenegro,me,100517660010925,Topcon Agriculture,Facebook
ab3bf4c5-ac57-409a-a13d-ef12ff9a7ba4,It Spot,2023-01-30T16:27:26.545Z,5ff6c3a8-1523-499b-b69b-f315c34d03f1,ZZZ,Montenegro,me,100223642874850,It Spot,Facebook
b152cfa8-0c6b-425c-a03d-9a0a41309b24,RICC Israel,2023-01-30T16:27:27.724Z,0d9aa079-651a-4836-a4c5-50115850a739,ZZZ,Montenegro,me,301747036593902,RICC Israel,Facebook
34d2997a-fd89-406d-be9a-a36163eb9508,Electronicsdatasheets.com,2023-01-30T16:27:27.485Z,0e5f0352-c98a-46b9-8963-99cb5970e8d0,ZZZ,Montenegro,me,563983200332361,Electronicsdatasheets.com,Facebook
22891c12-12d3-4527-9c23-a367fc59aea8,Coach Drobinina Ksenia,2023-01-30T16:27:27.180Z,4facd7ab-967c-4011-8420-f9165388a87d,ZZZ,Montenegro,me,105159028381339,Coach Drobinina Ksenia,Facebook
bf9a4c0f-2250-4e39-8661-7a838a75c31a,Šta bi ti na mom mjestu?,2023-02-21T12:17:29.856Z,1327d02f-6f93-445c-afc8-d2b88a4c7f7f,ZZZ,Montenegro,me,103710139182269,Šta bi ti na mom mjestu?,Facebook
2d650a16-6b5d-4384-9191-cd517fc4d97c,biblija_knjiga_zivota,2023-01-30T16:27:26.765Z,f19febe4-afae-471e-83ad-ab2f697cfe12,ZZZ,Montenegro,me,108006798323346,biblija_knjiga_zivota,Facebook
5c1d5dff-66f5-47c0-8e3e-78bd498c1969,Pokret za Pljevlja - Prava Crna Gora,2023-02-21T12:17:49.187Z,e47c8fec-0072-4dd9-8bb3-c71f3ba92b54,ZZZ,Montenegro,me,104087302472836,Pokret za Pljevlja - Prava Crna Gora,Facebook
f83505b8-896c-418e-993b-62097c7b8c4b,Green Petition,2023-02-21T12:01:38.958Z,0fd168bd-7ab4-4e43-83f4-e484ba9eb333,ZZZ,Montenegro,me,114125533631149,Green Petition,Facebook
b819176d-f74b-4906-bf0e-6a958a821ac6,Aktuelno,2023-01-30T16:27:25.679Z,00d9f796-737e-42a7-a456-21b59d8c9201,ZZZ,Montenegro,me,119574804749171,Aktuelno,Facebook
00f6b5d5-785a-4609-9168-0a8a2d4efd01,Roditelji.me,2023-01-30T16:27:25.721Z,286437ae-6b1f-423b-9518-29a7d7c9298b,ZZZ,Montenegro,me,314337305265263,Roditelji.me,Facebook
f178634e-2546-4cff-9539-197bab21eabc,Hope Alive Initiative- HAI,2023-02-21T12:01:30.667Z,436cdd48-04ae-451f-8068-1a57c8bc7e82,ZZZ,Montenegro,me,105277022211686,Hope Alive Initiative- HAI,Facebook
ded59f0d-3484-403b-b592-00649e552f1b,MobiHealthNews,2023-01-30T16:27:27.785Z,aab72318-b3c3-4e59-92d2-dca9d76cae50,ZZZ,Montenegro,me,137704262972584,MobiHealthNews,Facebook
14f1dcbe-6cf6-4b81-af98-341a99c67157,Visago,2023-02-21T12:00:02.581Z,7054d897-2588-4b88-852e-1506392c857c,ZZZ,Montenegro,me,102918459084823,Visago,Facebook
940b17fe-15d8-497c-ab4b-e9031865d59f,World Cancer Day,2023-01-30T16:27:27.842Z,05eb8dd6-0289-43fe-a127-62fd19d4e4ba,ZZZ,Montenegro,me,310943025606302,World Cancer Day,Facebook
56b22aec-1d39-4e9d-9234-6f73cb143bed,Kafica sa Marijom,2023-02-21T12:07:52.845Z,e1523bea-f8fb-4a3c-9207-739616ab0c2b,ZZZ,Montenegro,me,108913671257553,Kafica sa Marijom,Facebook
7b67dfef-397f-423e-8f37-c59731a47800,Trending in China,2023-01-30T16:27:27.572Z,1834ea28-cec6-4533-a15d-f6d4982c0a1e,ZZZ,Montenegro,me,423670114403144,Trending in China,Facebook
f442cc96-5142-4006-9cf8-c6b2489b60fe,Burza Nautike,2023-02-21T12:03:18.565Z,35e33ed1-1ec9-4aea-8ef3-f331d31f6c29,ZZZ,Montenegro,me,185772314426,Burza Nautike,Facebook
4a849d3d-bb5f-4259-8734-2fd0e8df02df,ЈУ Никшићко позориште,2023-01-30T16:27:26.244Z,7828620e-3c98-4829-bb1e-8bbc5b77301c,ZZZ,Montenegro,me,1543705029240451,ЈУ Никшићко позориште,Facebook
1049f19c-aa49-4dba-98fe-87de090a67ae,Willian Aksenen,2023-01-30T16:27:26.866Z,b30d0175-0b26-4434-9ed9-4d7edb21286f,ZZZ,Montenegro,me,406058436123944,Willian Aksenen,Facebook
ce573b86-8944-4ea3-a6ed-d8a873d7f981,INJournal,2023-02-21T12:06:05.632Z,947411e0-41d1-4b5f-93c2-eadbee87fd6e,ZZZ,Montenegro,me,881205241889680,INJournal,Facebook
8e5bde60-22ce-4042-ace2-86f4e0e666ba,PC World Hungary - www.pcworld.hu,2023-02-21T12:18:00.787Z,c25f200b-1e28-4aa7-a3c2-3994f94da00a,ZZZ,Montenegro,me,102418131025,PC World Hungary - www.pcworld.hu,Facebook
95ef7be9-e8e6-439d-ade6-798ee4572aa9,Школа Психологии,2023-02-21T12:08:01.155Z,48975426-9a84-4231-a1ef-0e8bef158865,ZZZ,Montenegro,me,126246930901154,Школа Психологии,Facebook
6173b9cc-9ce0-4982-ac78-e5547bbc2413,lamonabooks,2023-02-21T12:19:21.177Z,2520c09d-4dfd-4b44-b527-5048e2ea80d5,ZZZ,Montenegro,me,241865326873926,lamonabooks,Facebook
97a1888c-92a0-462a-81d6-51c74cd25441,Istorijski_Retrovizor,2023-02-21T12:08:12.038Z,9f56f407-a253-4a95-b38f-08a94ae78daf,ZZZ,Montenegro,me,107973508055762,Istorijski_Retrovizor,Facebook
e342a5b8-1743-4e07-8013-b347ffbdb237,Safe-Child Advocacy,2023-02-21T12:00:02.539Z,9719643b-15bd-4e4e-9577-8cfe514561df,ZZZ,Montenegro,me,171555046249426,Safe-Child Advocacy,Facebook
55239ca2-d4a7-4a6d-b50d-54489b1f4566,Happening,2023-02-21T12:16:23.502Z,511ddbf8-20cf-4abe-b4bc-cc5348824844,ZZZ,Montenegro,me,1608695112760197,Happening,Facebook
e4eec235-075a-444f-94b2-d810b0043b57,G_6,2023-02-21T12:09:50.342Z,1a94a369-3f9e-4fb8-8232-28e6476cc1e8,ZZZ,Montenegro,me,111673994926796,G_6,Facebook
7b9ea384-4cb7-42b9-959d-7237ecb48372,Dzada Film Fest,2023-02-21T12:16:03.320Z,640838e8-0117-4fae-ae06-23ee7ef273ed,ZZZ,Montenegro,me,946123605422377,Dzada Film Fest,Facebook
7fee11f9-95e5-4330-b1c1-806224dd322c,European Bank for Reconstruction and Development (EBRD),2023-02-21T12:17:51.036Z,9c18d8ed-a44f-47e1-8c73-4e3a7b02ea71,ZZZ,Montenegro,me,145266135517422,European Bank for Reconstruction and Development (EBRD),Facebook
d9f3d0b3-c64f-40af-8b23-d7977f7165fd,Zeoluff Solar Energy System,2023-02-21T12:15:50.868Z,e69c5927-3a07-472a-9941-850f4370ef32,ZZZ,Montenegro,me,103179782270805,Zeoluff Solar Energy System,Facebook
bd890455-79c2-4a5f-984b-30af9c2b3d4b,UNICEF Montenegro,2023-02-21T12:19:20.311Z,917b88d1-916f-4942-9031-cde65487ef2e,ZZZ,Montenegro,me,105018479557274,UNICEF Montenegro,Facebook
54d7719c-33c8-4baa-b29a-69ebed126713,Best-Dame-HCQC11702,2023-02-21T12:16:03.357Z,957b1c62-98b4-41b2-97d6-bf0e0566b3a1,ZZZ,Montenegro,me,101917519275644,Best-Dame-HCQC11702,Facebook
f1a83fb9-b970-499f-8b81-2366b5b7a554,mr Mitar Radonjić,2023-02-21T12:19:10.693Z,1e03a61f-26eb-4361-9e29-ddf48345c392,ZZZ,Montenegro,me,103568772533132,mr Mitar Radonjić,Facebook
8f8d67c3-a2d8-46b9-853b-bde664aa565f,Pas les Zouorganes,2023-02-21T12:14:13.337Z,bc550452-43d0-43a5-b4e7-84494d785537,ZZZ,Montenegro,me,102043099316412,Pas les Zouorganes,Facebook
c2cdb517-c0eb-45f3-a343-7e125f409c0a,Centar za održivi razvoj COR BiH,2023-02-21T12:04:27.230Z,830f1d87-7deb-466c-ad43-f89d3fd08d44,ZZZ,Montenegro,me,274755233004560,Centar za održivi razvoj COR BiH,Facebook
89896dd3-0f84-47f3-838e-757d03cc86f4,N.Komarovskaia,2023-02-21T12:02:46.768Z,919213e3-3f91-4737-bf41-328095c34840,ZZZ,Montenegro,me,107509148301977,N.Komarovskaia,Facebook
d457a748-e735-4fec-85f3-4a4c237670ae,Вести,2023-02-21T12:11:08.194Z,f27df845-9330-4a2f-872d-880029c33037,ZZZ,Montenegro,me,110154858475931,Вести,Facebook
59a0d051-62fe-449f-a3a9-6135a470c383,steveforastieri,2023-02-21T12:02:58.248Z,f232204f-7b8b-4bfa-9b17-0d8471956da9,ZZZ,Montenegro,me,100596095853464,steveforastieri,Facebook
5bd961e8-b281-455c-bd86-7c9e05ec34bd,Portal Revije Fokus,2023-02-21T12:17:49.183Z,2ed768cb-3106-42e6-b766-e16da1cb0202,ZZZ,Montenegro,me,579627372084493,Portal Revije Fokus,Facebook
ca8d9583-4db8-4763-babf-fd60e6cbb0e5,GloBee International,2023-02-21T12:16:21.415Z,27c8ef79-8718-4896-ac8e-47a022fe4fed,ZZZ,Montenegro,me,1199795610053759,GloBee International,Facebook
db0d68fb-1970-4a8a-bf07-4fbb0f9d2bfb,Safe Business is Your Choice Georgia,2023-02-21T12:16:12.406Z,575f2d76-e753-4f7f-8d95-858ba0f0af38,ZZZ,Montenegro,me,111625224297579,Safe Business is Your Choice Georgia,Facebook
73bd5828-a3ac-430a-9d07-8afd24467ab9,SKVOT,2023-02-21T12:04:46.677Z,8fc0f4cd-3134-4ab5-8bcf-1f0a5bb40dd7,ZZZ,Montenegro,me,716394025482534,SKVOT,Facebook
40be0eac-e314-4e38-b86c-8496555885ed,billion-air,2023-02-21T11:59:44.210Z,b7b24189-c4aa-4554-afac-bc432e446f37,ZZZ,Montenegro,me,110546871486773,billion-air,Facebook
ac03d9d9-aa12-41de-a5b4-515d77363c99,Kombinat,2023-02-21T12:06:32.951Z,a1eeb49f-8f9f-4af5-af92-f0a6fdeb85dc,ZZZ,Montenegro,me,111024204021117,Kombinat,Facebook
090b7943-8f29-4f62-abdd-536f43c04897,OLLMOO,2023-02-21T12:01:38.999Z,014d297c-82f3-4780-9524-55d61e7db30a,ZZZ,Montenegro,me,110324864219722,OLLMOO,Facebook
092c3f8a-f977-4ef4-bf71-3405246a4d64,Impact NFT,2023-02-21T12:09:50.350Z,8fbf9893-bbd2-46e3-8b04-687b377163a0,ZZZ,Montenegro,me,110442531632802,Impact NFT,Facebook
016f0bd7-5d46-4dd4-90ed-f57e66cea175,Isaac Pintosevich,2023-02-21T12:08:01.158Z,cbfb4429-5ece-4a07-affe-5dfb3a1805c8,ZZZ,Montenegro,me,101491209328959,Isaac Pintosevich,Facebook
6490091a-0d70-40dd-9028-512cb077b373,NVO 35mm/Emisija Robin Hud,2023-02-21T12:13:14.814Z,9dbe1617-bb5c-4300-98d4-9ec1b16a8de5,ZZZ,Montenegro,me,260128997680575,NVO 35mm/Emisija Robin Hud,Facebook
36f125ee-6a76-47ed-a56a-0ed452322ea7,Kritički,2023-02-21T12:08:20.462Z,02475e0d-3949-4688-bd8f-75d3b8aaf80a,ZZZ,Montenegro,me,100944775161011,Kritički,Facebook
dba37e18-47e2-41b9-9845-9ad6bf306c16,Manifattura Falomo,2023-02-21T12:04:36.289Z,c7e2ff9f-d3b1-4d20-9afd-0e794229986a,ZZZ,Montenegro,me,216008588771648,Manifattura Falomo,Facebook
2517ef0f-027e-4051-a5ed-b91f7af0327e,Yunlu Amorphous Core,2023-02-21T12:09:21.314Z,e65bb4fd-77db-4378-9519-01cc95b8916d,ZZZ,Montenegro,me,100103939469776,Yunlu Amorphous Core,Facebook
1c496f65-ac35-4eb5-9d3b-110de121c754,J.B. Russell Images,2023-02-21T12:09:31.533Z,52b33ded-8c14-411c-a84d-a1977bee4555,ZZZ,Montenegro,me,193237234057094,J.B. Russell Images,Facebook
85cf93c5-9bec-4629-9264-eb434dcd20b2,U-Report Global,2023-02-21T12:04:25.294Z,08eed902-998f-4601-853e-ccb3b88e6278,ZZZ,Montenegro,me,208685479508187,U-Report Global,Facebook
c4a5aae6-6b2f-40d9-9f4a-1b2cf08178b4,TechInsights,2023-02-21T12:14:13.297Z,41abca94-4c6c-40c0-a322-7a9cd6c71034,ZZZ,Montenegro,me,105102812285223,TechInsights,Facebook
19c16fee-4465-467a-a4e3-89cc41f96499,Dice Boy Corner,2023-02-21T12:11:28.058Z,bf4954ea-208b-40d5-91a4-2ae344a5e929,ZZZ,Montenegro,me,479922612107582,Dice Boy Corner,Facebook
bc528b1d-1622-49cc-9def-ef4b10fa8a36,malvidin3glc,2023-02-21T12:14:13.998Z,a957bfed-ecce-4b58-9a11-f11cec8628e4,ZZZ,Montenegro,me,112634067273418,malvidin3glc,Facebook
53e11d82-ee1f-4c14-91bc-9e3153b3dbec,GMOunicorn,2023-02-21T12:06:23.272Z,1b64fffa-148c-471a-9d01-d22643e971f6,ZZZ,Montenegro,me,103661152355907,GMOunicorn,Facebook
103f7923-f232-428a-b299-7e1722befafe,Ala je lep ovaj svet,2023-02-21T12:19:30.820Z,8ec2d249-9855-48ee-9b9c-d59480925b78,ZZZ,Montenegro,me,104040369123795,Ala je lep ovaj svet,Facebook
71035b74-6162-421b-80f8-894ea97bc0e8,Youth for Peace,2023-02-21T12:09:21.307Z,63836a45-028a-4562-92a8-afc079865cad,ZZZ,Montenegro,me,1524892561168220,Youth for Peace,Facebook
75ca1edf-e0d4-447c-bb14-58a835c729fd,Experience Serbia,2023-02-21T12:19:21.178Z,8871fab4-e367-44da-9fd9-3afb01162a02,ZZZ,Montenegro,me,154285457945785,Experience Serbia,Facebook
0e89e365-9317-40ea-ae36-3b4f93eaeebc,Михаил Носов,2023-02-21T12:09:50.350Z,dac18a1f-ec70-4156-bc71-ae1802342cd7,ZZZ,Montenegro,me,102982532504148,Михаил Носов,Facebook
fbaa8c20-8a3c-490c-93b9-e896df9f5b49,Твой учитель английского,2023-02-21T12:19:10.742Z,346dcec9-af3b-4726-af81-354a3eaf7f86,ZZZ,Montenegro,me,102517985431327,Твой учитель английского,Facebook
da90931a-3555-4406-9a31-0d2d1f2598d5,vuksanovic_nebojsa,2023-02-21T12:18:00.758Z,cc0bce73-94c7-4baa-a618-7d67b5bd13f1,ZZZ,Montenegro,me,102859125938422,vuksanovic_nebojsa,Facebook
779633f5-d8f2-49c6-a08c-a381ae11bb45,أسامة جاويش - Osama Gaweesh,2023-02-21T12:17:49.240Z,87c9f163-c31e-45e4-9fa6-947adb209e76,ZZZ,Montenegro,me,610094859062088,أسامة جاويش - Osama Gaweesh,Facebook
27805581-a338-492b-9712-a1d9d78bea2a,Differe,2023-02-21T12:17:31.566Z,ccf67568-a1d4-41fa-a2b2-27c416afbcb6,ZZZ,Montenegro,me,109182918552674,Differe,Facebook
ea33b730-10b4-450d-9a2f-a42e7d845ad7,MARSI,2023-02-21T12:17:30.027Z,ffd9fdfe-7e8a-4421-a594-b3c8c021251b,ZZZ,Montenegro,me,100106986200330,MARSI,Facebook
be27f77e-e1c1-45c5-a39f-29e9f73ab22b,Недвижимость Дубая,2023-02-21T12:16:31.453Z,bfcb3f58-1a38-4155-8209-d0945d9609f9,ZZZ,Montenegro,me,104618172185938,Недвижимость Дубая,Facebook
a7f752a2-9d89-4232-a27c-568699c66589,Трансформационные игры,2023-02-21T12:16:21.412Z,df09211a-624e-47b6-9126-c15257ffcc00,ZZZ,Montenegro,me,1870235406598503,Трансформационные игры,Facebook
cb3c5812-52c9-478e-82e8-f11d0291c1f8,World Socialist Web Site - Croatia,2023-02-21T12:16:13.630Z,216b92f5-cd5d-436e-9ff9-4a5622f0058e,ZZZ,Montenegro,me,102108242424255,World Socialist Web Site - Croatia,Facebook
a51a26fa-13db-4b36-a42b-9853a153c627,Bubble Home,2023-02-21T12:19:50.640Z,26a7a77d-ebab-4d4a-b95d-4bde0faa599f,ZZZ,Montenegro,me,107264722148803,Bubble Home,Facebook
de9cb110-c6e0-43bb-ae85-f0fece49146f,superantonova,2023-02-21T12:19:41.091Z,dd74097d-396d-4ada-8a89-aa3224f48045,ZZZ,Montenegro,me,108294698727306,superantonova,Facebook
8bd753f3-12a6-4846-aff8-75dccfd4f493,Studio Tiramisù,2023-02-21T11:58:27.036Z,2a90328a-6cdc-413a-8110-5c236b3472c6,ZZZ,Montenegro,me,116506943143054,Studio Tiramisù,Facebook
ff5b1f5a-ba12-4951-b205-1d3c504b8d4f,Spaced Out,2023-02-21T12:11:08.212Z,eec5463d-996c-44ef-9f6b-7f18ca93b7ed,ZZZ,Montenegro,me,101013669366133,Spaced Out,Facebook
00865b07-9985-42fa-92fa-a29ce1f0c398,4Child,2023-02-21T11:58:27.015Z,53a2ae37-992f-4df7-abe8-655edb9a83f1,ZZZ,Montenegro,me,311486649509133,4Child,Facebook
6668a305-f94e-47f1-af85-e3214e12ce01,"Research Society of International Law (RSIL), Pakistan",2023-02-21T12:11:28.060Z,37009fd0-a47a-4bfa-94de-86053857d16d,ZZZ,Montenegro,me,132964293439201,"Research Society of International Law (RSIL), Pakistan",Facebook
1299bcf0-f894-43cd-8e69-53607ea35ec1,Biodiversity and Ecosystem Services Network - BES-Net,2023-02-21T11:59:31.503Z,b34babc2-faba-45f3-b5cb-d2e794e9ccf0,ZZZ,Montenegro,me,1522398018077226,Biodiversity and Ecosystem Services Network - BES-Net,Facebook
2799ef40-8ad9-4ba2-b321-6fe11c1cbccd,"Sun Concept, Solar Boat Builders",2023-02-21T12:21:17.211Z,dd8be632-a202-41c3-9437-121f744eb20a,ZZZ,Montenegro,me,1645445069012582,"Sun Concept, Solar Boat Builders",Facebook
eeb31f15-e875-40c2-a392-5b2da3ca36b7,Growatt New Energy,2023-02-21T12:14:13.395Z,9de0843f-e192-47ac-b28a-b422bf358101,ZZZ,Montenegro,me,367649046908008,Growatt New Energy,Facebook
375d4ab9-5622-440f-89ce-d0a154b4fc23,Cleverunbias,2023-02-21T12:19:50.640Z,351c5d2f-8471-49e3-8bab-ed9fbc05ce07,ZZZ,Montenegro,me,107373202161042,Cleverunbias,Facebook
99485f7c-2018-4f67-9059-fc604683b5f8,atingi.org,2023-02-21T12:14:44.115Z,18054b6b-ce53-46d9-9de2-3bfbe36cd6b5,ZZZ,Montenegro,me,103673351194878,atingi.org,Facebook
f8a12e45-20d1-41d3-b206-77dc59df8610,susretisasobom,2023-02-21T12:15:50.872Z,76b0ef06-9aa7-4895-b6b3-50a139ae5884,ZZZ,Montenegro,me,101605869353841,susretisasobom,Facebook
6868d0ce-d281-4c6f-9685-8301622bf58f,Knjige CG - Astal,2023-02-21T12:16:03.308Z,c03cd136-72b4-48bb-a203-3728c141473a,ZZZ,Montenegro,me,100415255852048,Knjige CG - Astal,Facebook
5a67ca48-d7bd-4011-aeb3-0817beb40efb,Hot Topics Live,2023-02-21T11:58:05.105Z,dc082c72-cdbb-4043-aa2a-00651bc544bd,ZZZ,Montenegro,me,112356746895061,Hot Topics Live,Facebook
52e3d7ca-8642-4383-b895-6a367d2bd913,Psiha.hr,2023-02-21T12:16:03.345Z,8f55b9ad-dbfc-466e-a4c5-bb484dc84dd4,ZZZ,Montenegro,me,100166078980164,Psiha.hr,Facebook
a43fcdbb-cfc9-4823-b67e-38dfd1a9346f,LosslessSecurity,2023-02-21T12:21:05.816Z,acf6f9cf-53ae-4443-a96b-589ce79a1c33,ZZZ,Montenegro,me,108517061879457,LosslessSecurity,Facebook
712ce624-3f39-4dc4-832c-1b8c2b662933,Иммиграция в Канаду,2023-02-21T12:16:13.640Z,f6301cf8-4a2f-43c9-a07c-1312e54febff,ZZZ,Montenegro,me,107385670651583,Иммиграция в Канаду,Facebook
ab07bf82-eac8-4d51-bc31-97f32c79d5f6,Executive Courses,2023-02-21T11:58:07.220Z,112c3896-2db3-49d3-a367-c49ca70e47a4,ZZZ,Montenegro,me,1927571200801857,Executive Courses,Facebook
4c15aa51-c300-4141-b91c-3f058eab6905,Krvava Dolina,2023-02-21T12:19:50.686Z,b6a8b38b-9182-4afc-85e3-5deeec486bd2,ZZZ,Montenegro,me,100895418552819,Krvava Dolina,Facebook
49eabaa8-dbbc-461d-bdb9-27604424878d,Grasp Medicine,2023-02-21T12:16:21.436Z,d0265180-179a-4911-8978-7435f8eeed16,ZZZ,Montenegro,me,108210905362997,Grasp Medicine,Facebook
a837e041-6f4d-476f-9a4e-41191f8cbf12,Fidelity consulting,2023-02-21T12:20:46.235Z,d5e27b4a-9108-477d-86ab-c25d8dbd770c,ZZZ,Montenegro,me,1431202857093405,Fidelity consulting,Facebook
bbd8c90d-1118-4baa-9a12-adce3d87cc4f,Minty Kidz Youtube Channel,2023-02-21T11:59:44.276Z,17a08f05-4e98-47fa-92fd-27b67678b2e5,ZZZ,Montenegro,me,105985314718174,Minty Kidz Youtube Channel,Facebook
3250668b-7d67-44d8-8267-59ee7ddf81e4,Youth Power,2023-02-21T12:20:46.301Z,f9e84bae-cf19-44d7-95f0-f9a669257340,ZZZ,Montenegro,me,231900603602267,Youth Power,Facebook
32403740-bfac-4176-9c69-d4d312227df9,MSD South Eastern Europe,2023-02-21T11:57:59.847Z,5a1746ff-3580-4523-8b88-6a21486a4121,ZZZ,Montenegro,me,109608420728570,MSD South Eastern Europe,Facebook
e2b4a031-1243-47d5-a65c-6a88b2b9eca8,travcave,2023-02-21T11:59:31.502Z,eb3f07a7-5588-4ebc-9f7e-b5d7b0a127f2,ZZZ,Montenegro,me,101489419241410,travcave,Facebook
953a5343-f292-4e1b-91d7-a3fa75d19853,Igor Brovko Kinesiolog,2023-02-21T11:59:53.516Z,f914a065-4ada-4230-bf17-cd1c0ce32dc3,ZZZ,Montenegro,me,106085024269880,Igor Brovko Kinesiolog,Facebook
ca49848f-86be-4a5a-95f9-fa721a1e7101,TRT Balkan BHSC,2023-02-21T12:03:07.281Z,d1544b41-6fd4-491c-8e25-15bee08a58ce,ZZZ,Montenegro,me,101403948664595,TRT Balkan BHSC,Facebook
704f3a70-d439-43be-9d8a-ea105240e5ec,Pocket Auto Parts,2023-02-21T12:04:25.315Z,884cb7bd-d035-45ca-9db0-806d91a1d032,ZZZ,Montenegro,me,106426455402396,Pocket Auto Parts,Facebook
1fc04dc0-29ba-4d5c-84a2-6147bb1797c2,timdernegi,2023-02-21T12:04:35.552Z,998222e0-806e-44c9-963b-e3c81b9d8fe9,ZZZ,Montenegro,me,104792502289150,timdernegi,Facebook
13293316-2462-4690-8910-f279ea6b5058,Sofitel Mauritius L'Impérial Resort & Spa,2023-02-21T11:58:05.075Z,0bfc486b-7bc5-408c-9302-22abe6610dde,ZZZ,Montenegro,me,207384529307701,Sofitel Mauritius L'Impérial Resort & Spa,Facebook
79756aae-3195-4f69-aa3c-3f08bdbf5d88,Planet Technology,2023-02-21T11:59:52.416Z,02c8f855-1ddb-40ab-93e0-2d29864c44e0,ZZZ,Montenegro,me,134315463294256,Planet Technology,Facebook
ba1aedc0-31ee-4913-9805-0166db3e9fc3,Preokret za Danilovgrad,2023-02-21T12:20:56.441Z,08229428-198a-41b3-9400-7c5184abeb98,ZZZ,Montenegro,me,110464708284684,Preokret za Danilovgrad,Facebook
2e3fd284-0799-4f3e-943c-56dbb16a370e,Motions of Action,2023-02-21T12:17:59.466Z,ac952814-2699-486b-967c-28815256dc3e,ZZZ,Montenegro,me,103610052517172,Motions of Action,Facebook
56de5cc8-aa46-48d3-ba26-4b5720310680,News Fox,2023-02-21T12:21:05.797Z,a78ef790-a092-48df-9a97-17e062971d2d,ZZZ,Montenegro,me,106847888886010,News Fox,Facebook
173572bd-06b1-4e3b-b972-9eeaf55da3ae,Preokret,2023-04-23T06:54:02.714Z,83db42cc-6d82-4ee7-a152-d15c376bd998,ZZZ,Montenegro,me,101098685886235,Preokret,Facebook
826f7133-fee6-4acb-87dc-713058847a10,Život B92,2023-04-25T06:54:15.766Z,390a81d7-6215-407b-bdf9-ebf4ba04bcee,ZZZ,Montenegro,me,577461438957524,Život B92,Facebook
11d0cf74-4d2a-404d-b0c1-d9d126e52c10,Nikad nije kasno,2023-04-27T06:54:27.184Z,8d0aa5ea-41a5-41ac-b269-75d89ba356dc,ZZZ,Montenegro,me,899012453512935,Nikad nije kasno,Facebook
8aa82d48-6472-49cd-a975-6e91d0d71f44,Jobzilla,2023-04-17T08:07:47.049Z,fc4a8e03-4e4e-4b5a-b44f-f9aca50c5751,ZZZ,Montenegro,me,104918355127260,Jobzilla,Facebook
28da4829-d6aa-4127-a5e3-ec7855603d14,stambenazadruga1,2023-05-03T06:53:48.636Z,43ca2068-bfeb-45cf-a4d2-3a20bb9c37b4,ZZZ,Montenegro,me,100157976350781,stambenazadruga1,Facebook
8e426725-7c23-4565-9d4a-fad0169a8b24,Mreža za ruralni razvoj Crne Gore,2023-05-11T06:54:28.207Z,ffc5f786-f702-44ec-8e3e-231a14f4976d,ZZZ,Montenegro,me,104686982311749,Mreža za ruralni razvoj Crne Gore,Facebook
3921f2e1-d7b2-48cc-b7a5-1f481cbcbf17,umes.i.ti.javno.govoriti,2023-10-20T05:08:01.579Z,2b80563f-cb10-4431-b434-d0c6ea3dc4d2,ZZZ,Montenegro,me,105075225571422,umes.i.ti.javno.govoriti,Facebook
d0153b27-4b3f-42b7-bef7-66528c2bf691,Underhill Fest,2023-06-07T06:53:42.588Z,4ff09924-a8c8-47f5-b384-b029f90ec6a4,ZZZ,Montenegro,me,771652562930821,Underhill Fest,Facebook
92c75a46-3fdf-4102-bf8e-3a8b8e374217,Audio BM Medical Niš,2023-06-02T06:54:31.646Z,62dd7c1f-117b-4247-9f21-9143adbb39d7,ZZZ,Montenegro,me,111308204733915,Audio BM Medical Niš,Facebook
90661574-97c0-4006-b6cf-358f9f3e3117,_ecopatriotizam,2023-06-15T06:54:02.303Z,5f533a8b-2bcf-4583-af17-331febcfde61,ZZZ,Montenegro,me,104662088462575,_ecopatriotizam,Facebook
7d2e66d8-806f-4191-bec8-652134418c80,Mreža za evropske politike- Master,2023-06-19T18:25:48.604Z,3fa280cd-3431-435a-9986-050c5a04bf77,ZZZ,Montenegro,me,113621140828904,Mreža za evropske politike- Master,Facebook
69b98aa3-396b-4438-b8e8-a4ddfdd7c5fb,DeFacto Consultancy,2023-06-30T05:08:35.325Z,f1ff47e7-6da9-4082-a475-a3062a04a65d,ZZZ,Montenegro,me,448740545252534,DeFacto Consultancy,Facebook
bf2d17cf-dc9d-4e12-bf2d-2f0d2813445b,Корени Срба I,2023-02-21T12:16:21.437Z,5eb25078-cd7d-469e-9c2c-7e7782a91b74,ZZZ,Montenegro,me,103421082002738,Корени Срба I,Facebook
be69ddd7-651d-43f0-80d0-87ed5a6f5d78,НАУ ЭРА,2023-02-21T12:16:23.535Z,49d3fcb3-486d-4205-89b7-03f762bf4df4,ZZZ,Montenegro,me,100527700075046,НАУ ЭРА,Facebook
d61883e8-03b6-486e-a93b-0079e914b5bb,Психология,2023-02-21T12:24:40.564Z,7249b85f-fcac-4f05-be52-caca7f22b996,ZZZ,Montenegro,me,107652532161092,Психология,Facebook
3e86f049-7351-46e1-99be-79bfd758e5b6,Energy China Philippines,2023-02-21T12:25:59.776Z,c7ef9457-e3f7-4291-946b-54312d619d85,ZZZ,Montenegro,me,105130458903674,Energy China Philippines,Facebook
105d78fa-cd39-4699-9b52-dd8b76a7c39f,Interkidsy,2023-02-21T12:25:48.820Z,2195ec3c-d0ba-4ae9-bce1-4710482bb56f,ZZZ,Montenegro,me,101970882143637,Interkidsy,Facebook
4bbfd6c0-c7fd-4d32-9df7-3c154430ac9c,Judo Klub Borsa Mostar,2023-02-21T12:28:56.671Z,44870613-656b-4dce-8dfe-98c544326961,ZZZ,Montenegro,me,711227835645999,Judo Klub Borsa Mostar,Facebook
f08fc598-3da6-490f-b7c4-abb7ebfad66a,petkovic.vedrana,2023-02-21T12:29:35.116Z,d490f722-6893-4ad3-8580-7a2f506feb22,ZZZ,Montenegro,me,113019347282950,petkovic.vedrana,Facebook
3987289a-b5ac-4689-ba15-8e08bbde3df6,Innovation,2023-02-21T12:29:35.140Z,e5a66d10-52ca-4437-850d-e40e58d57e99,ZZZ,Montenegro,me,100954436053132,Innovation,Facebook
138268b8-4ec1-42d7-a830-b02fa3f68bca,Climate Basics • ქლაიმათ ბეიზიქსი,2023-02-21T12:37:06.152Z,6790c396-1179-436d-8699-787571ca20d7,ZZZ,Montenegro,me,111129087839427,Climate Basics • ქლაიმათ ბეიზიქსი,Facebook
db4c7723-7e6a-4653-933c-e6ea6d7a0cf8,CO-CLEAN Project,2023-02-21T12:37:14.088Z,e084d57d-6d15-406f-a058-eb6711aa8788,ZZZ,Montenegro,me,100548385516652,CO-CLEAN Project,Facebook
0a87923a-4a45-430b-9ecb-33bafc428274,Emigro - легальный переезд в Германию,2023-02-21T12:37:25.205Z,14f2388f-3e7b-4d76-b1cf-a23b70bbf376,ZZZ,Montenegro,me,102468239352431,Emigro - легальный переезд в Германию,Facebook
ffb54324-e54c-4528-ae7d-1f8304e9cc90,Zoba Africa,2023-02-21T12:37:14.097Z,7ca72040-612f-444a-9c7d-e0e8b264726f,ZZZ,Montenegro,me,734573246878503,Zoba Africa,Facebook
c401b844-4c8e-4049-bcfd-1da3c6c73396,Semir Osmanagich,2023-02-21T12:37:25.205Z,e8a9e7b2-cddd-4125-b48d-d9ec2badfc26,ZZZ,Montenegro,me,118094304881048,Semir Osmanagich,Facebook
3cb72f64-e468-4101-80f4-a744fbf31407,alperilter,2023-02-21T12:37:25.230Z,1f26c1cc-3aee-45c3-9897-572703929d26,ZZZ,Montenegro,me,106269725326588,alperilter,Facebook
aa09a37f-4b6f-495f-ab85-dfdf5652e0c6,Next Services,2023-02-21T12:00:11.518Z,8cce6748-992d-41f9-86d8-13ede46d5829,ZZZ,Montenegro,me,101379245940750,Next Services,Facebook
51f09bf3-5503-4e05-b912-dc3755dac109,United Nations OCHA occupied Palestinian territory,2023-02-21T12:01:29.958Z,da929332-d29b-48fb-b51e-23560ffc3457,ZZZ,Montenegro,me,175718882474716,United Nations OCHA occupied Palestinian territory,Facebook
2edb7539-96c4-4391-9cdc-199bbdab26cd,dkraftsman,2023-02-21T12:01:08.870Z,611bf69b-895a-4f93-bc20-44a52f00bd6e,ZZZ,Montenegro,me,102526825761090,dkraftsman,Facebook
e3a8067b-10a0-44bd-874c-ad6b325efc56,Gymglish,2023-02-21T12:01:19.426Z,e11b5b66-1081-4017-a75b-fbb49809f712,ZZZ,Montenegro,me,108946325833098,Gymglish,Facebook
f996229c-a15f-4694-b1b1-9c385bcc0217,Jahfirm Sound System,2023-02-21T12:09:19.215Z,ca666cb2-79f1-4481-88d4-b124b158f0e9,ZZZ,Montenegro,me,106316141299380,Jahfirm Sound System,Facebook
8c892ba7-521a-4b12-99cd-289c6418b852,"Wedding videographer in Italy, Montenegro",2023-02-21T12:03:07.305Z,2ccb7f43-ca14-440a-9bed-c9c7e6c8507d,ZZZ,Montenegro,me,589967434798991,"Wedding videographer in Italy, Montenegro",Facebook
9d4afa37-1b15-4589-9fbd-d4bcfa61a5c5,Primeclass Fashion,2023-02-21T11:59:52.427Z,a4c8b045-be12-4358-aad6-cb60647e5007,ZZZ,Montenegro,me,105847818073002,Primeclass Fashion,Facebook
af5ff8e6-8a91-4170-8871-33e17c8a4297,Whitedi,2023-02-21T12:01:19.400Z,260d8356-f186-4f06-9306-ea9cc1556eb4,ZZZ,Montenegro,me,105278907830497,Whitedi,Facebook
4ca95086-9996-4a4a-9763-9359bc4699be,bento_de_espinoza,2023-02-21T12:01:21.340Z,e838c9f8-699f-48b8-91a0-e21422821a55,ZZZ,Montenegro,me,110105907522931,bento_de_espinoza,Facebook
fad3056c-b07d-47be-a886-07a57048ce28,Psihoresurs,2023-02-21T12:01:29.981Z,c9ad9f91-8ddc-4694-a11b-12acb1d6ef5e,ZZZ,Montenegro,me,1142183875940901,Psihoresurs,Facebook
87d7a723-c586-4388-8727-e344cf0edaf8,Artztees by Missy,2023-02-21T12:06:34.152Z,59e0d030-4052-4d22-bfda-3e6990a447d0,ZZZ,Montenegro,me,108612165226202,Artztees by Missy,Facebook
53a06048-bd39-4780-b0cc-f3de83602160,RED NOSES Emergency Smile,2023-02-21T12:07:39.992Z,9816bf2a-8988-4f87-b3eb-6a65e2d824a0,ZZZ,Montenegro,me,103226945235684,RED NOSES Emergency Smile,Facebook
c038f36a-d8b9-41f7-aa44-8bf1b8bdc6b3,A Sexplanation,2023-02-21T11:59:53.496Z,a82e55c3-c1e7-44a1-9ac7-3f8f4a4092bc,ZZZ,Montenegro,me,694495947268805,A Sexplanation,Facebook
7bcee933-49e5-442e-9328-e2dbb9519017,DNV - Business Assurance,2023-02-21T12:01:48.541Z,af596e76-b2a3-4c88-a993-e8913d7370bb,ZZZ,Montenegro,me,198407193565735,DNV - Business Assurance,Facebook
a25a7b91-b668-4573-8df6-5ed9f8e941bc,Initiative of Youth with Disabilities of Boka - I MI Boke,2023-02-21T12:07:51.693Z,b224d2c0-d95e-41d6-9463-d091092faf72,ZZZ,Montenegro,me,111829123575190,Initiative of Youth with Disabilities of Boka - I MI Boke,Facebook
46dd3174-0a71-4fb7-97cc-a937a5837674,Finale Kod Amigdale,2023-02-21T12:08:12.069Z,163b4e20-c175-437e-86c0-b29b2a2d73f3,ZZZ,Montenegro,me,103495782468142,Finale Kod Amigdale,Facebook
47f4517a-1f2e-404e-9ce0-94fcf1abbe90,QOCO Systems,2023-02-21T12:01:48.561Z,1469c65b-8830-4f33-87ff-e73892c078c2,ZZZ,Montenegro,me,126083770743943,QOCO Systems,Facebook
d1d47129-6ab0-4a55-a4d7-c4a9f648c759,The Global American University Schiller,2023-02-21T12:06:24.615Z,33181e32-ca17-4130-a1fc-2f683d20b039,ZZZ,Montenegro,me,198924873550832,The Global American University Schiller,Facebook
84f56d67-f48f-46ff-b583-010ea2f7be05,PeoNyimbo - Tentative music,2023-02-21T12:07:51.696Z,ec7b07c3-ad00-406a-9ac4-280dca72af71,ZZZ,Montenegro,me,110454078424086,PeoNyimbo - Tentative music,Facebook
d1b56628-0a3d-441c-bb8f-e35c216cdfd8,Impact Mapper,2023-02-21T12:09:29.748Z,b0ce3605-27e4-4d57-9ab1-1bec8ce7d783,ZZZ,Montenegro,me,971722152871838,Impact Mapper,Facebook
5259606b-4720-45eb-9fae-ef14d4608322,The Inclusion Post,2023-02-21T12:19:30.841Z,037e9f58-3f40-46a4-9461-0a62dc4907f3,ZZZ,Montenegro,me,105387765113012,The Inclusion Post,Facebook
1893d1bd-2102-40b3-8ac9-2b075ced7139,Mreža za otvoreni dijalog - Open dialogue network,2023-02-25T10:54:31.266Z,44f60125-31f3-4203-9927-dfb28c7705c2,ZZZ,Montenegro,me,1078213162327231,Mreža za otvoreni dijalog - Open dialogue network,Facebook
0a52165c-41fe-4fe4-a5ac-6eb8306805a2,Šta hoćeš? - What Do You Want?,2023-07-31T11:15:30.825Z,31eda98d-1631-449a-96cd-9e55f316a66b,ZZZ,Montenegro,me,250896008321837,Šta hoćeš? - What Do You Want?,Facebook
e6cf5178-a5e6-49c5-bd1c-5af563d155a5,djardinperast,2023-02-23T10:54:24.300Z,2972c72b-1e42-468d-bd2c-4a65a9f8da97,ZZZ,Montenegro,me,107482332071835,djardinperast,Facebook
15134412-2228-4e3e-85ea-532620ee5850,Standard,2023-03-01T10:54:23.601Z,cddd756e-c3bc-4f4f-8d5f-04a37788ad84,ZZZ,Montenegro,me,236694586475080,Standard,Facebook
195e756e-20d0-46bb-a4ca-bc50afc064b4,Forumi shqiptar,2023-03-01T10:54:23.602Z,e99202a8-a17d-4d20-99ba-cc4102f4a487,ZZZ,Montenegro,me,100867561610501,Forumi shqiptar,Facebook
242aafb1-c391-4d23-865d-17bfbc8d15a7,Islamski Kulturni Centar Podgorica,2023-03-07T10:54:23.959Z,6520169b-ba26-4de6-b4b5-ddc7a4a61cac,ZZZ,Montenegro,me,746473665442486,Islamski Kulturni Centar Podgorica,Facebook
bb3005d4-5503-4d79-ba19-4e4bdccec1a8,Manoms,2023-10-21T05:08:34.488Z,8dead042-37be-4fd6-af48-bf5a275ed0ce,ZZZ,Montenegro,me,107417012030477,Manoms,Facebook
774abcc8-a98a-4643-bbef-344a083d31b1,SkyShowtime,2023-03-19T10:54:28.289Z,eab7e006-e364-4110-916f-ee943bbe69be,ZZZ,Montenegro,me,104932168863313,SkyShowtime,Facebook
17058326-7b2a-4112-b7b8-efc27ef531b6,Behar TV,2023-03-26T10:54:20.704Z,639e46ef-dd22-4570-827e-486d357bf5aa,ZZZ,Montenegro,me,582401951817774,Behar TV,Facebook
7b026d70-3eab-4cb2-b59f-6dfb8a147ca6,PR Centar,2023-04-01T10:54:16.540Z,e374202d-91b2-4c49-87f4-bdba29ae701c,ZZZ,Montenegro,me,134703959963947,PR Centar,Facebook
9e3adf6b-aca5-4222-8074-a3d06fc10ffb,milonegoko1,2023-04-04T10:54:41.458Z,bc0567f4-9731-4d91-bc8d-0232c8072380,ZZZ,Montenegro,me,126954740322483,milonegoko1,Facebook
a9803446-19a2-4b33-90ec-b82b485ce5d7,Kino klub Podgorica,2023-04-08T10:54:36.369Z,8e003f10-8d29-40a1-9862-8cc6a5cd4c9a,ZZZ,Montenegro,me,100798002812085,Kino klub Podgorica,Facebook
d45fea5c-1efc-4509-ae86-9c5a84237fdf,predsjednik_nk,2023-04-16T15:06:42.816Z,670e9a34-22cb-4929-a032-1f33797252e0,ZZZ,Montenegro,me,100294936270161,predsjednik_nk,Facebook
b062419a-bd22-4f48-9afe-5aebb549b811,Opštinski odbor DPS Budva,2024-04-30T06:45:23.474Z,e70575ce-ccbf-42a3-80c7-e118c8588f8e,DPS,Montenegro,me,281599525556415,Opštinski odbor DPS Budva,Facebook
458a14c1-171e-41cf-bd3c-be2f47458385,Cetinjska URA,2023-12-27T05:07:31.590Z,d8c1a59c-4049-4051-80cb-d2b58c905afa,URA,Montenegro,me,287223385017971,Cetinjska URA,Facebook
38591902-1941-4501-9847-fd6722982ed8,Nikola Zirojević,2023-11-06T05:07:50.530Z,61c24c22-3412-463d-b0c9-fd7d75d2271d,SD,Montenegro,me,180770901767649,Nikola Zirojević,Facebook
95144b4f-3276-4379-b519-04f179b7597e,Olivera Injac,2024-04-20T14:24:12.928Z,0f8c3168-5444-4ba9-a3af-86f071f343b3,ES!,Montenegro,me,115683481500607,Olivera Injac,Facebook
0413daeb-32fb-4fb9-b1d7-f2a260992069,portal_interno_cg,2023-11-15T05:07:55.717Z,fb9c6f6d-2c40-4d57-ac06-1b1f124b2f4d,ZZZ,Montenegro,me,114745568392807,portal_interno_cg,Facebook
20d8baca-fac6-45bd-a9eb-93878d39c898,nvo_moacg,2023-12-24T05:07:24.986Z,7f9448cd-3690-4e34-9419-1444e563c32d,ZZZ,Montenegro,me,148645520683681,nvo_moacg,Facebook
52ae0f64-f641-419b-99e7-a6676b3ecba1,Peoples anti-war movement Freedom,2024-01-22T05:07:15.488Z,159d74ba-0b77-48da-a5ec-bdf6d179f7b8,ZZZ,Montenegro,me,100828395968037,Peoples anti-war movement Freedom,Facebook
6a4fbb68-da3e-4c56-b3c9-cc399c52d458,Montenegro Click,2023-12-11T05:07:13.934Z,ab10af82-45dc-45bc-8469-1ba90acde926,ZZZ,Montenegro,me,1408918205992701,Montenegro Click,Facebook
6d020dbb-54cc-4913-ac31-d167a043768d,mladi_spp_prijepolje,2023-11-28T06:17:32.868Z,3ec4e397-0fc4-4fea-ab2a-bda63add129e,ZZZ,Montenegro,me,174548782406126,mladi_spp_prijepolje,Facebook
3eafb321-b880-4d91-a9c2-57653f8f716f,NOVA M,2023-11-26T05:08:46.147Z,cd96aca0-c0df-4645-8343-d1dc7d4c6b92,ZZZ,Montenegro,me,340679933371292,NOVA M,Facebook
58a21293-1eba-47f9-b314-881e1bc352b1,Karate klub Podgorica,2023-12-14T05:07:44.671Z,96f9490e-a539-4107-b8d0-13c23f259a5e,ZZZ,Montenegro,me,404547053038076,Karate klub Podgorica,Facebook
652b6b0b-337a-4ea3-8c0a-5e24ccd1ef04,Portal Interno,2023-12-17T05:07:24.674Z,13e78b50-5adb-4e48-8546-d409f175c5a4,ZZZ,Montenegro,me,117765234755498,Portal Interno,Facebook
5bc8e0ca-5ba1-4fec-a496-d0c28655b2d3,Al Jazeera World,2023-11-24T05:08:50.666Z,a0ca22ac-9da9-433a-a991-d7e7798649b5,ZZZ,Montenegro,me,520542301312614,Al Jazeera World,Facebook
c556f179-595e-43f4-98fb-46a3d72a934c,International Student Exchange Montenegro (ISEM),2024-01-04T05:07:01.552Z,2d5dd860-e576-4435-ac89-a96ad0be141c,ZZZ,Montenegro,me,281298535268580,International Student Exchange Montenegro (ISEM),Facebook
6153dbf7-8bfd-463b-a24f-96c7923fd8b8,Hep Montenegro,2024-01-02T05:07:08.239Z,bd303ea0-e9ed-449a-8220-caf564f3362c,ZZZ,Montenegro,me,100841328220083,Hep Montenegro,Facebook
3d474d38-9f6b-43d9-be27-2d86e27e8f20,Davet,2023-11-19T05:07:44.228Z,6227f4fe-c6bb-4e95-a095-cd30777c3ccc,ZZZ,Montenegro,me,638416663158064,Davet,Facebook
872232bc-9794-4d43-809a-ad804d79e8df,basket_news_montenegro,2023-10-31T05:37:55.052Z,97ceaed1-a7ba-4a07-980d-69c7649f45ae,ZZZ,Montenegro,me,101767895715372,basket_news_montenegro,Facebook
16f9f3bb-7724-4faa-bfd0-5c91773687d5,Crna Gora je uz Izrael,2023-12-13T05:07:41.293Z,3c54e603-0c52-4862-a750-4cfc9107bac0,ZZZ,Montenegro,me,155368700986637,Crna Gora je uz Izrael,Facebook
259607fc-ba4c-45ee-80ff-84efd091dd23,balkanpedija,2023-12-02T17:14:10.675Z,f0295ee3-aa43-494b-bbf3-e21f97d5b689,ZZZ,Montenegro,me,180263268501655,balkanpedija,Facebook
57a14a60-1f6d-4030-b19c-5f1e1ceb9501,FOS Media,2023-11-28T06:17:32.846Z,911b573a-f705-44e9-a05c-d4044890e98f,ZZZ,Montenegro,me,1821253298197055,FOS Media,Facebook
5b48a6e2-0365-4572-89db-fc401fdb3c47,Queer Montenegro,2023-12-22T05:07:18.676Z,a8e09795-1db1-44eb-9f87-47eb120a2a7a,ZZZ,Montenegro,me,212933025526374,Queer Montenegro,Facebook
f14a99e3-9072-42de-adae-b30a96f6aae3,Forum mladih URA,2024-02-25T04:17:18.418Z,0d00b3ee-e9bb-4013-acd4-67440471f8f1,URA,Montenegro,me,102673754649591,Forum mladih URA,Facebook
6a068eec-b3ce-4294-93ac-0ab2f82ec252,UNDP Montenegro,2024-01-23T05:07:13.023Z,364ca02c-3ba0-48be-a049-7d733de77bde,ZZZ,Montenegro,me,192324537287724,UNDP Montenegro,Facebook
